Time,Gauge 1,Gauge 2,Units
2025-12-17 16:27:47,Off,100300.0,Pascal
2025-12-17 16:27:49,Off,100300.0,Pascal
2025-12-17 16:27:51,Off,100300.0,Pascal
2025-12-17 16:27:53,Off,100300.0,Pascal
2025-12-17 16:27:56,Off,100300.0,Pascal
2025-12-17 16:27:58,Off,100300.0,Pascal
2025-12-17 16:28:00,Off,100300.0,Pascal
2025-12-17 16:28:02,Off,100300.0,Pascal
2025-12-17 16:28:04,Off,100300.0,Pascal
2025-12-17 16:28:07,Off,100300.0,Pascal
2025-12-17 16:28:09,Off,100300.0,Pascal
2025-12-17 16:28:11,Off,100300.0,Pascal
2025-12-17 16:28:13,Off,100300.0,Pascal
2025-12-17 16:28:16,Off,100300.0,Pascal
2025-12-17 16:28:18,Off,100300.0,Pascal
2025-12-17 16:28:20,Off,100300.0,Pascal
2025-12-17 16:28:22,Off,100300.0,Pascal
2025-12-17 16:28:24,Off,100300.0,Pascal
2025-12-17 16:28:27,Off,100300.0,Pascal
2025-12-17 16:28:29,Off,100300.0,Pascal
2025-12-17 16:28:31,Off,100300.0,Pascal
2025-12-17 16:28:33,Off,100300.0,Pascal
2025-12-17 16:28:36,Off,100300.0,Pascal
2025-12-17 16:28:38,Off,100300.0,Pascal
2025-12-17 16:28:40,Off,100300.0,Pascal
2025-12-17 16:28:42,Off,100300.0,Pascal
2025-12-17 16:28:44,Off,100300.0,Pascal
2025-12-17 16:28:47,Off,100300.0,Pascal
2025-12-17 16:28:49,Off,100300.0,Pascal
2025-12-17 16:28:51,Off,100300.0,Pascal
2025-12-17 16:28:53,Off,100300.0,Pascal
2025-12-17 16:28:55,Off,100300.0,Pascal
2025-12-17 16:28:58,Off,100300.0,Pascal
2025-12-17 16:29:00,Off,100300.0,Pascal
2025-12-17 16:29:02,Off,100300.0,Pascal
2025-12-17 16:29:04,Off,100300.0,Pascal
2025-12-17 16:29:07,Off,100300.0,Pascal
2025-12-17 16:29:09,Off,100300.0,Pascal
2025-12-17 16:29:11,Off,100300.0,Pascal
2025-12-17 16:29:13,Off,100300.0,Pascal
2025-12-17 16:29:15,Off,100300.0,Pascal
2025-12-17 16:29:18,Off,100300.0,Pascal
2025-12-17 16:29:20,Off,100300.0,Pascal
2025-12-17 16:29:22,Off,100300.0,Pascal
2025-12-17 16:29:24,Off,100300.0,Pascal
2025-12-17 16:29:26,Off,100300.0,Pascal
2025-12-17 16:29:29,Off,100300.0,Pascal
2025-12-17 16:29:31,Off,100300.0,Pascal
2025-12-17 16:29:33,Off,100300.0,Pascal
2025-12-17 16:29:35,Off,100300.0,Pascal
2025-12-17 16:29:38,Off,100300.0,Pascal
2025-12-17 16:29:40,Off,100300.0,Pascal
2025-12-17 16:29:42,Off,100300.0,Pascal
2025-12-17 16:29:44,Off,100300.0,Pascal
2025-12-17 16:29:46,Off,100300.0,Pascal
2025-12-17 16:29:49,Off,100300.0,Pascal
2025-12-17 16:29:51,Off,100300.0,Pascal
2025-12-17 16:29:53,Off,100300.0,Pascal
2025-12-17 16:29:55,Off,100300.0,Pascal
2025-12-17 16:29:58,Off,100300.0,Pascal
2025-12-17 16:30:00,Off,100300.0,Pascal
2025-12-17 16:30:02,Off,100300.0,Pascal
2025-12-17 16:30:04,Off,100300.0,Pascal
2025-12-17 16:30:07,Off,100300.0,Pascal
2025-12-17 16:30:09,Off,100300.0,Pascal
2025-12-17 16:30:11,Off,100300.0,Pascal
2025-12-17 16:30:13,Off,100300.0,Pascal
2025-12-17 16:30:15,Off,100300.0,Pascal
2025-12-17 16:30:18,Off,100300.0,Pascal
2025-12-17 16:30:20,Off,100300.0,Pascal
2025-12-17 16:30:22,Off,100300.0,Pascal
2025-12-17 16:30:24,Off,100300.0,Pascal
2025-12-17 16:30:27,Off,100300.0,Pascal
2025-12-17 16:30:29,Off,100300.0,Pascal
2025-12-17 16:30:31,Off,100300.0,Pascal
2025-12-17 16:30:33,Off,100300.0,Pascal
2025-12-17 16:30:36,Off,100300.0,Pascal
2025-12-17 16:30:38,Off,100300.0,Pascal
2025-12-17 16:30:40,Off,100300.0,Pascal
2025-12-17 16:30:42,Off,100300.0,Pascal
2025-12-17 16:30:45,Off,100300.0,Pascal
2025-12-17 16:30:47,Off,100300.0,Pascal
2025-12-17 16:30:49,Off,100300.0,Pascal
2025-12-17 16:30:51,Off,100300.0,Pascal
2025-12-17 16:30:53,Off,100300.0,Pascal
2025-12-17 16:30:56,Off,100300.0,Pascal
2025-12-17 16:30:58,Off,100300.0,Pascal
2025-12-17 16:31:00,Off,100300.0,Pascal
2025-12-17 16:31:02,Off,100300.0,Pascal
2025-12-17 16:31:05,Off,100300.0,Pascal
2025-12-17 16:31:07,Off,100300.0,Pascal
2025-12-17 16:31:09,Off,100300.0,Pascal
2025-12-17 16:31:11,Off,100300.0,Pascal
2025-12-17 16:31:13,Off,100300.0,Pascal
2025-12-17 16:31:16,Off,100300.0,Pascal
2025-12-17 16:31:18,Off,100300.0,Pascal
2025-12-17 16:31:20,Off,100300.0,Pascal
2025-12-17 16:31:22,Off,100300.0,Pascal
2025-12-17 16:31:25,Off,100300.0,Pascal
2025-12-17 16:31:27,Off,100300.0,Pascal
2025-12-17 16:31:29,Off,100300.0,Pascal
2025-12-17 16:31:31,Off,100300.0,Pascal
2025-12-17 16:31:34,Off,100300.0,Pascal
2025-12-17 16:31:36,Off,100300.0,Pascal
2025-12-17 16:31:38,Off,100300.0,Pascal
2025-12-17 16:31:40,Off,100300.0,Pascal
2025-12-17 16:31:43,Off,100300.0,Pascal
2025-12-17 16:31:45,Off,100300.0,Pascal
2025-12-17 16:31:47,Off,100300.0,Pascal
2025-12-17 16:31:49,Off,100300.0,Pascal
2025-12-17 16:31:51,Off,100300.0,Pascal
2025-12-17 16:31:54,Off,100300.0,Pascal
2025-12-17 16:31:56,Off,100300.0,Pascal
2025-12-17 16:31:58,Off,100300.0,Pascal
2025-12-17 16:32:00,Off,100300.0,Pascal
2025-12-17 16:32:03,Off,100300.0,Pascal
2025-12-17 16:32:05,Off,100300.0,Pascal
2025-12-17 16:32:07,Off,100300.0,Pascal
2025-12-17 16:32:09,Off,100300.0,Pascal
2025-12-17 16:32:12,Off,100300.0,Pascal
2025-12-17 16:32:14,Off,100300.0,Pascal
2025-12-17 16:32:16,Off,100300.0,Pascal
2025-12-17 16:32:18,Off,100300.0,Pascal
2025-12-17 16:32:20,Off,100300.0,Pascal
2025-12-17 16:32:23,Off,100300.0,Pascal
2025-12-17 16:32:25,Off,100300.0,Pascal
2025-12-17 16:32:27,Off,100300.0,Pascal
2025-12-17 16:32:29,Off,100300.0,Pascal
2025-12-17 16:32:32,Off,100300.0,Pascal
2025-12-17 16:32:34,Off,100300.0,Pascal
2025-12-17 16:32:36,Off,100300.0,Pascal
2025-12-17 16:32:38,Off,100300.0,Pascal
2025-12-17 16:32:41,Off,100300.0,Pascal
2025-12-17 16:32:43,Off,100300.0,Pascal
2025-12-17 16:32:45,Off,100300.0,Pascal
2025-12-17 16:32:47,Off,100300.0,Pascal
2025-12-17 16:32:49,Off,100300.0,Pascal
2025-12-17 16:32:52,Off,100300.0,Pascal
2025-12-17 16:32:54,Off,100300.0,Pascal
2025-12-17 16:32:56,Off,100300.0,Pascal
2025-12-17 16:32:58,Off,100300.0,Pascal
2025-12-17 16:33:01,Off,100300.0,Pascal
2025-12-17 16:33:03,Off,100300.0,Pascal
2025-12-17 16:33:05,Off,100300.0,Pascal
2025-12-17 16:33:07,Off,100300.0,Pascal
2025-12-17 16:33:10,Off,100300.0,Pascal
2025-12-17 16:33:12,Off,100300.0,Pascal
2025-12-17 16:33:14,Off,100300.0,Pascal
2025-12-17 16:33:16,Off,100300.0,Pascal
2025-12-17 16:33:18,Off,100300.0,Pascal
2025-12-17 16:33:21,Off,100300.0,Pascal
2025-12-17 16:33:23,Off,100300.0,Pascal
2025-12-17 16:33:25,Off,100300.0,Pascal
2025-12-17 16:33:27,Off,100300.0,Pascal
2025-12-17 16:33:30,Off,100300.0,Pascal
2025-12-17 16:33:32,Off,100300.0,Pascal
2025-12-17 16:33:34,Off,100300.0,Pascal
2025-12-17 16:33:36,Off,100300.0,Pascal
2025-12-17 16:33:39,Off,100300.0,Pascal
2025-12-17 16:33:41,Off,100300.0,Pascal
2025-12-17 16:33:43,Off,100300.0,Pascal
2025-12-17 16:33:45,Off,100300.0,Pascal
2025-12-17 16:33:47,Off,100300.0,Pascal
2025-12-17 16:33:50,Off,100300.0,Pascal
2025-12-17 16:33:52,Off,100300.0,Pascal
2025-12-17 16:33:54,Off,100300.0,Pascal
2025-12-17 16:33:56,Off,100300.0,Pascal
2025-12-17 16:33:59,Off,100300.0,Pascal
2025-12-17 16:34:01,Off,100300.0,Pascal
2025-12-17 16:34:03,Off,100300.0,Pascal
2025-12-17 16:34:05,Off,100300.0,Pascal
2025-12-17 16:34:08,Off,100300.0,Pascal
2025-12-17 16:34:10,Off,100300.0,Pascal
2025-12-17 16:34:12,Off,100300.0,Pascal
2025-12-17 16:34:14,Off,100300.0,Pascal
2025-12-17 16:34:16,Off,100300.0,Pascal
2025-12-17 16:34:19,Off,100300.0,Pascal
2025-12-17 16:34:21,Off,100300.0,Pascal
2025-12-17 16:34:23,Off,100300.0,Pascal
2025-12-17 16:34:25,Off,100300.0,Pascal
2025-12-17 16:34:28,Off,100300.0,Pascal
2025-12-17 16:34:30,Off,100300.0,Pascal
2025-12-17 16:34:32,Off,100300.0,Pascal
2025-12-17 16:34:34,Off,100300.0,Pascal
2025-12-17 16:34:36,Off,100300.0,Pascal
2025-12-17 16:34:39,Off,100300.0,Pascal
2025-12-17 16:34:41,Off,100300.0,Pascal
2025-12-17 16:34:43,Off,100300.0,Pascal
2025-12-17 16:34:45,Off,100300.0,Pascal
2025-12-17 16:34:48,Off,100300.0,Pascal
2025-12-17 16:34:50,Off,100300.0,Pascal
2025-12-17 16:34:52,Off,100300.0,Pascal
2025-12-17 16:34:54,Off,100300.0,Pascal
2025-12-17 16:34:57,Off,100300.0,Pascal
2025-12-17 16:34:59,Off,100300.0,Pascal
2025-12-17 16:35:01,Off,100300.0,Pascal
2025-12-17 16:35:03,Off,100300.0,Pascal
2025-12-17 16:35:06,Off,100300.0,Pascal
2025-12-17 16:35:08,Off,100300.0,Pascal
2025-12-17 16:35:10,Off,100300.0,Pascal
2025-12-17 16:35:12,Off,100300.0,Pascal
2025-12-17 16:35:14,Off,100300.0,Pascal
2025-12-17 16:35:17,Off,100300.0,Pascal
2025-12-17 16:35:19,Off,100300.0,Pascal
2025-12-17 16:35:21,Off,100300.0,Pascal
2025-12-17 16:35:23,Off,100300.0,Pascal
2025-12-17 16:35:26,Off,100300.0,Pascal
2025-12-17 16:35:28,Off,100300.0,Pascal
2025-12-17 16:35:30,Off,100300.0,Pascal
2025-12-17 16:35:32,Off,100300.0,Pascal
2025-12-17 16:35:35,Off,100300.0,Pascal
2025-12-17 16:35:37,Off,100300.0,Pascal
2025-12-17 16:35:39,Off,100300.0,Pascal
2025-12-17 16:35:41,Off,100300.0,Pascal
2025-12-17 16:35:43,Off,100300.0,Pascal
2025-12-17 16:35:46,Off,100300.0,Pascal
2025-12-17 16:35:48,Off,100300.0,Pascal
2025-12-17 16:35:50,Off,100300.0,Pascal
2025-12-17 16:35:52,Off,100300.0,Pascal
2025-12-17 16:35:55,Off,100300.0,Pascal
2025-12-17 16:35:57,Off,100300.0,Pascal
2025-12-17 16:35:59,Off,100300.0,Pascal
2025-12-17 16:36:01,Off,100300.0,Pascal
2025-12-17 16:36:03,Off,100300.0,Pascal
2025-12-17 16:36:06,Off,100300.0,Pascal
2025-12-17 16:36:08,Off,100300.0,Pascal
2025-12-17 16:36:10,Off,100300.0,Pascal
2025-12-17 16:36:12,Off,100300.0,Pascal
2025-12-17 16:36:15,Off,100300.0,Pascal
2025-12-17 16:36:17,Off,100300.0,Pascal
2025-12-17 16:36:19,Off,100300.0,Pascal
2025-12-17 16:36:21,Off,100300.0,Pascal
2025-12-17 16:36:24,Off,100300.0,Pascal
2025-12-17 16:36:26,Off,100300.0,Pascal
2025-12-17 16:36:28,Off,100300.0,Pascal
2025-12-17 16:36:30,Off,100300.0,Pascal
2025-12-17 16:36:32,Off,100300.0,Pascal
2025-12-17 16:36:35,Off,100300.0,Pascal
2025-12-17 16:36:37,Off,100300.0,Pascal
2025-12-17 16:36:39,Off,100300.0,Pascal
2025-12-17 16:36:41,Off,100300.0,Pascal
2025-12-17 16:36:44,Off,100300.0,Pascal
2025-12-17 16:36:46,Off,100300.0,Pascal
2025-12-17 16:36:48,Off,100300.0,Pascal
2025-12-17 16:36:50,Off,100300.0,Pascal
2025-12-17 16:36:53,Off,100300.0,Pascal
2025-12-17 16:36:55,Off,100300.0,Pascal
2025-12-17 16:36:57,Off,100300.0,Pascal
2025-12-17 16:36:59,Off,100300.0,Pascal
2025-12-17 16:37:01,Off,100300.0,Pascal
2025-12-17 16:37:04,Off,100300.0,Pascal
2025-12-17 16:37:06,Off,100300.0,Pascal
2025-12-17 16:37:08,Off,100300.0,Pascal
2025-12-17 16:37:10,Off,100300.0,Pascal
2025-12-17 16:37:13,Off,100300.0,Pascal
2025-12-17 16:37:15,Off,100300.0,Pascal
2025-12-17 16:37:17,Off,100300.0,Pascal
2025-12-17 16:37:19,Off,100300.0,Pascal
2025-12-17 16:37:21,Off,100300.0,Pascal
2025-12-17 16:37:24,Off,100300.0,Pascal
2025-12-17 16:37:26,Off,100300.0,Pascal
2025-12-17 16:37:28,Off,100300.0,Pascal
2025-12-17 16:37:30,Off,100300.0,Pascal
2025-12-17 16:37:33,Off,100300.0,Pascal
2025-12-17 16:37:35,Off,100300.0,Pascal
2025-12-17 16:37:37,Off,100300.0,Pascal
2025-12-17 16:37:39,Off,100300.0,Pascal
2025-12-17 16:37:42,Off,100300.0,Pascal
2025-12-17 16:37:44,Off,100300.0,Pascal
2025-12-17 16:37:46,Off,100300.0,Pascal
2025-12-17 16:37:48,Off,100300.0,Pascal
2025-12-17 16:37:50,Off,100300.0,Pascal
2025-12-17 16:37:53,Off,100300.0,Pascal
2025-12-17 16:37:55,Off,100300.0,Pascal
2025-12-17 16:37:57,Off,100300.0,Pascal
2025-12-17 16:37:59,Off,100300.0,Pascal
2025-12-17 16:38:02,Off,100300.0,Pascal
2025-12-17 16:38:04,Off,100300.0,Pascal
2025-12-17 16:38:06,Off,100300.0,Pascal
2025-12-17 16:38:08,Off,100300.0,Pascal
2025-12-17 16:38:10,Off,100300.0,Pascal
2025-12-17 16:38:13,Off,100300.0,Pascal
2025-12-17 16:38:15,Off,100300.0,Pascal
2025-12-17 16:38:17,Off,100300.0,Pascal
2025-12-17 16:38:19,Off,100300.0,Pascal
2025-12-17 16:38:22,Off,100300.0,Pascal
2025-12-17 16:38:24,Off,100300.0,Pascal
2025-12-17 16:38:26,Off,100300.0,Pascal
2025-12-17 16:38:28,Off,100300.0,Pascal
2025-12-17 16:38:31,Off,100300.0,Pascal
2025-12-17 16:38:33,Off,100300.0,Pascal
2025-12-17 16:38:35,Off,100300.0,Pascal
2025-12-17 16:38:37,Off,100300.0,Pascal
2025-12-17 16:38:39,Off,100300.0,Pascal
2025-12-17 16:38:42,Off,100300.0,Pascal
2025-12-17 16:38:44,Off,100300.0,Pascal
2025-12-17 16:38:46,Off,100300.0,Pascal
2025-12-17 16:38:48,Off,100300.0,Pascal
2025-12-17 16:38:51,Off,100300.0,Pascal
2025-12-17 16:38:53,Off,100300.0,Pascal
2025-12-17 16:38:55,Off,100300.0,Pascal
2025-12-17 16:38:57,Off,100300.0,Pascal
2025-12-17 16:38:59,Off,100300.0,Pascal
2025-12-17 16:39:02,Off,100300.0,Pascal
2025-12-17 16:39:04,Off,100300.0,Pascal
2025-12-17 16:39:06,Off,100300.0,Pascal
2025-12-17 16:39:08,Off,100300.0,Pascal
2025-12-17 16:39:11,Off,100300.0,Pascal
2025-12-17 16:39:13,Off,100300.0,Pascal
2025-12-17 16:39:15,Off,100300.0,Pascal
2025-12-17 16:39:17,Off,100300.0,Pascal
2025-12-17 16:39:20,Off,100300.0,Pascal
2025-12-17 16:39:22,Off,100300.0,Pascal
2025-12-17 16:39:24,Off,100300.0,Pascal
2025-12-17 16:39:26,Off,100300.0,Pascal
2025-12-17 16:39:28,Off,100300.0,Pascal
2025-12-17 16:39:31,Off,100300.0,Pascal
2025-12-17 16:39:33,Off,100300.0,Pascal
2025-12-17 16:39:35,Off,100300.0,Pascal
2025-12-17 16:39:37,Off,100300.0,Pascal
2025-12-17 16:39:40,Off,100300.0,Pascal
2025-12-17 16:39:42,Off,100300.0,Pascal
2025-12-17 16:39:44,Off,100300.0,Pascal
2025-12-17 16:39:46,Off,100300.0,Pascal
2025-12-17 16:39:48,Off,100300.0,Pascal
2025-12-17 16:39:51,Off,100300.0,Pascal
2025-12-17 16:39:53,Off,100300.0,Pascal
2025-12-17 16:39:55,Off,100300.0,Pascal
2025-12-17 16:39:57,Off,100300.0,Pascal
2025-12-17 16:40:00,Off,100300.0,Pascal
2025-12-17 16:40:02,Off,100300.0,Pascal
2025-12-17 16:40:04,Off,100300.0,Pascal
2025-12-17 16:40:06,Off,100300.0,Pascal
2025-12-17 16:40:09,Off,100300.0,Pascal
2025-12-17 16:40:11,Off,100300.0,Pascal
2025-12-17 16:40:13,Off,100300.0,Pascal
2025-12-17 16:40:15,Off,100300.0,Pascal
2025-12-17 16:40:17,Off,100300.0,Pascal
2025-12-17 16:40:20,Off,100300.0,Pascal
2025-12-17 16:40:22,Off,100300.0,Pascal
2025-12-17 16:40:24,Off,100300.0,Pascal
2025-12-17 16:40:26,Off,100300.0,Pascal
2025-12-17 16:40:29,Off,100300.0,Pascal
2025-12-17 16:40:31,Off,100300.0,Pascal
2025-12-17 16:40:33,Off,100300.0,Pascal
2025-12-17 16:40:35,Off,100300.0,Pascal
2025-12-17 16:40:38,Off,100300.0,Pascal
2025-12-17 16:40:40,Off,100300.0,Pascal
2025-12-17 16:40:42,Off,100300.0,Pascal
2025-12-17 16:40:44,Off,100300.0,Pascal
2025-12-17 16:40:46,Off,100300.0,Pascal
2025-12-17 16:40:49,Off,100300.0,Pascal
2025-12-17 16:40:51,Off,100300.0,Pascal
2025-12-17 16:40:53,Off,100300.0,Pascal
2025-12-17 16:40:55,Off,100300.0,Pascal
2025-12-17 16:40:58,Off,100300.0,Pascal
2025-12-17 16:41:00,Off,100300.0,Pascal
2025-12-17 16:41:02,Off,100300.0,Pascal
2025-12-17 16:41:04,Off,100300.0,Pascal
2025-12-17 16:41:06,Off,100300.0,Pascal
2025-12-17 16:41:09,Off,100300.0,Pascal
2025-12-17 16:41:11,Off,100300.0,Pascal
2025-12-17 16:41:13,Off,100300.0,Pascal
2025-12-17 16:41:15,Off,100300.0,Pascal
2025-12-17 16:41:18,Off,100300.0,Pascal
2025-12-17 16:41:20,Off,100300.0,Pascal
2025-12-17 16:41:22,Off,100300.0,Pascal
2025-12-17 16:41:24,Off,100300.0,Pascal
2025-12-17 16:41:26,Off,100300.0,Pascal
2025-12-17 16:41:29,Off,100300.0,Pascal
2025-12-17 16:41:31,Off,100300.0,Pascal
2025-12-17 16:41:33,Off,100300.0,Pascal
2025-12-17 16:41:35,Off,100300.0,Pascal
2025-12-17 16:41:38,Off,100300.0,Pascal
2025-12-17 16:41:40,Off,100300.0,Pascal
2025-12-17 16:41:42,Off,100300.0,Pascal
2025-12-17 16:41:44,Off,100300.0,Pascal
2025-12-17 16:41:46,Off,100300.0,Pascal
2025-12-17 16:41:49,Off,100300.0,Pascal
2025-12-17 16:41:51,Off,100300.0,Pascal
2025-12-17 16:41:53,Off,100300.0,Pascal
2025-12-17 16:41:55,Off,100300.0,Pascal
2025-12-17 16:41:58,Off,100300.0,Pascal
2025-12-17 16:42:00,Off,100300.0,Pascal
2025-12-17 16:42:02,Off,100300.0,Pascal
2025-12-17 16:42:04,Off,100300.0,Pascal
2025-12-17 16:42:07,Off,100300.0,Pascal
2025-12-17 16:42:09,Off,100300.0,Pascal
2025-12-17 16:42:11,Off,100300.0,Pascal
2025-12-17 16:42:13,Off,100300.0,Pascal
2025-12-17 16:42:15,Off,100300.0,Pascal
2025-12-17 16:42:18,Off,100300.0,Pascal
2025-12-17 16:42:20,Off,100400.0,Pascal
2025-12-17 16:42:22,Off,100300.0,Pascal
2025-12-17 16:42:24,Off,100300.0,Pascal
2025-12-17 16:42:27,Off,100300.0,Pascal
2025-12-17 16:42:29,Off,100300.0,Pascal
2025-12-17 16:42:31,Off,100300.0,Pascal
2025-12-17 16:42:33,Off,100300.0,Pascal
2025-12-17 16:42:36,Off,100300.0,Pascal
2025-12-17 16:42:38,Off,100300.0,Pascal
2025-12-17 16:42:40,Off,100300.0,Pascal
2025-12-17 16:42:42,Off,100300.0,Pascal
2025-12-17 16:42:44,Off,100300.0,Pascal
2025-12-17 16:42:47,Off,100300.0,Pascal
2025-12-17 16:42:49,Off,100300.0,Pascal
2025-12-17 16:42:51,Off,100300.0,Pascal
2025-12-17 16:42:53,Off,100300.0,Pascal
2025-12-17 16:42:56,Off,100300.0,Pascal
2025-12-17 16:42:58,Off,100300.0,Pascal
2025-12-17 16:43:00,Off,100300.0,Pascal
2025-12-17 16:43:02,Off,100300.0,Pascal
2025-12-17 16:43:04,Off,100300.0,Pascal
2025-12-17 16:43:07,Off,100300.0,Pascal
2025-12-17 16:43:09,Off,100300.0,Pascal
2025-12-17 16:43:11,Off,100300.0,Pascal
2025-12-17 16:43:13,Off,100300.0,Pascal
2025-12-17 16:43:16,Off,100300.0,Pascal
2025-12-17 16:43:18,Off,100300.0,Pascal
2025-12-17 16:43:20,Off,100300.0,Pascal
2025-12-17 16:43:22,Off,100300.0,Pascal
2025-12-17 16:43:24,Off,100300.0,Pascal
2025-12-17 16:43:27,Off,100300.0,Pascal
2025-12-17 16:43:29,Off,100300.0,Pascal
2025-12-17 16:43:31,Off,100300.0,Pascal
2025-12-17 16:43:33,Off,100300.0,Pascal
2025-12-17 16:43:36,Off,100300.0,Pascal
2025-12-17 16:43:38,Off,100300.0,Pascal
2025-12-17 16:43:40,Off,100300.0,Pascal
2025-12-17 16:43:42,Off,100300.0,Pascal
2025-12-17 16:43:45,Off,100300.0,Pascal
2025-12-17 16:43:47,Off,100300.0,Pascal
2025-12-17 16:43:49,Off,100300.0,Pascal
2025-12-17 16:43:51,Off,100300.0,Pascal
2025-12-17 16:43:53,Off,100300.0,Pascal
2025-12-17 16:43:56,Off,100300.0,Pascal
2025-12-17 16:43:58,Off,100300.0,Pascal
2025-12-17 16:44:00,Off,100300.0,Pascal
2025-12-17 16:44:02,Off,100300.0,Pascal
2025-12-17 16:44:05,Off,100300.0,Pascal
2025-12-17 16:44:07,Off,100300.0,Pascal
2025-12-17 16:44:09,Off,100300.0,Pascal
2025-12-17 16:44:11,Off,100300.0,Pascal
2025-12-17 16:44:13,Off,100300.0,Pascal
2025-12-17 16:44:16,Off,100300.0,Pascal
2025-12-17 16:44:18,Off,100300.0,Pascal
2025-12-17 16:44:20,Off,100300.0,Pascal
2025-12-17 16:44:22,Off,100300.0,Pascal
2025-12-17 16:44:25,Off,100300.0,Pascal
2025-12-17 16:44:27,Off,100300.0,Pascal
2025-12-17 16:44:29,Off,100300.0,Pascal
2025-12-17 16:44:31,Off,100300.0,Pascal
2025-12-17 16:44:34,Off,100400.0,Pascal
2025-12-17 16:44:36,Off,100300.0,Pascal
2025-12-17 16:44:38,Off,100300.0,Pascal
2025-12-17 16:44:40,Off,100300.0,Pascal
2025-12-17 16:44:42,Off,100400.0,Pascal
2025-12-17 16:44:45,Off,100300.0,Pascal
2025-12-17 16:44:47,Off,100400.0,Pascal
2025-12-17 16:44:49,Off,100300.0,Pascal
2025-12-17 16:44:51,Off,100300.0,Pascal
2025-12-17 16:44:54,Off,100300.0,Pascal
2025-12-17 16:44:56,Off,100300.0,Pascal
2025-12-17 16:44:58,Off,100300.0,Pascal
2025-12-17 16:45:00,Off,100300.0,Pascal
2025-12-17 16:45:03,Off,100300.0,Pascal
2025-12-17 16:45:05,Off,100300.0,Pascal
2025-12-17 16:45:07,Off,100300.0,Pascal
2025-12-17 16:45:09,Off,100300.0,Pascal
2025-12-17 16:45:12,Off,100300.0,Pascal
2025-12-17 16:45:14,Off,100300.0,Pascal
2025-12-17 16:45:16,Off,100300.0,Pascal
2025-12-17 16:45:18,Off,100300.0,Pascal
2025-12-17 16:45:20,Off,100300.0,Pascal
2025-12-17 16:45:23,Off,100300.0,Pascal
2025-12-17 16:45:25,Off,100300.0,Pascal
2025-12-17 16:45:27,Off,100300.0,Pascal
2025-12-17 16:45:29,Off,100300.0,Pascal
2025-12-17 16:45:32,Off,100300.0,Pascal
2025-12-17 16:45:34,Off,100300.0,Pascal
2025-12-17 16:45:36,Off,100300.0,Pascal
2025-12-17 16:45:38,Off,100300.0,Pascal
2025-12-17 16:45:40,Off,100400.0,Pascal
2025-12-17 16:45:43,Off,100300.0,Pascal
2025-12-17 16:45:45,Off,100300.0,Pascal
2025-12-17 16:45:47,Off,100300.0,Pascal
2025-12-17 16:45:49,Off,100300.0,Pascal
2025-12-17 16:45:52,Off,100300.0,Pascal
2025-12-17 16:45:54,Off,100300.0,Pascal
2025-12-17 16:45:56,Off,100300.0,Pascal
2025-12-17 16:45:58,Off,100300.0,Pascal
2025-12-17 16:46:01,Off,100300.0,Pascal
2025-12-17 16:46:03,Off,100400.0,Pascal
2025-12-17 16:46:05,Off,100400.0,Pascal
2025-12-17 16:46:07,Off,100300.0,Pascal
2025-12-17 16:46:09,Off,100400.0,Pascal
2025-12-17 16:46:12,Off,100300.0,Pascal
2025-12-17 16:46:14,Off,100300.0,Pascal
2025-12-17 16:46:16,Off,100400.0,Pascal
2025-12-17 16:46:18,Off,100300.0,Pascal
2025-12-17 16:46:21,Off,100400.0,Pascal
2025-12-17 16:46:23,Off,100300.0,Pascal
2025-12-17 16:46:25,Off,100300.0,Pascal
2025-12-17 16:46:27,Off,100300.0,Pascal
2025-12-17 16:46:29,Off,100300.0,Pascal
2025-12-17 16:46:32,Off,100300.0,Pascal
2025-12-17 16:46:34,Off,100300.0,Pascal
2025-12-17 16:46:36,Off,100300.0,Pascal
2025-12-17 16:46:38,Off,100300.0,Pascal
2025-12-17 16:46:41,Off,100300.0,Pascal
2025-12-17 16:46:43,Off,100300.0,Pascal
2025-12-17 16:46:45,Off,100300.0,Pascal
2025-12-17 16:46:47,Off,100300.0,Pascal
2025-12-17 16:46:50,Off,100400.0,Pascal
2025-12-17 16:46:52,Off,100300.0,Pascal
2025-12-17 16:46:54,Off,100400.0,Pascal
2025-12-17 16:46:56,Off,100300.0,Pascal
2025-12-17 16:46:58,Off,100400.0,Pascal
2025-12-17 16:47:01,Off,100300.0,Pascal
2025-12-17 16:47:03,Off,100300.0,Pascal
2025-12-17 16:47:05,Off,100300.0,Pascal
2025-12-17 16:47:07,Off,100300.0,Pascal
2025-12-17 16:47:10,Off,100300.0,Pascal
2025-12-17 16:47:12,Off,100300.0,Pascal
2025-12-17 16:47:14,Off,100300.0,Pascal
2025-12-17 16:47:16,Off,100400.0,Pascal
2025-12-17 16:47:19,Off,100300.0,Pascal
2025-12-17 16:47:21,Off,100300.0,Pascal
2025-12-17 16:47:23,Off,100400.0,Pascal
2025-12-17 16:47:25,Off,100300.0,Pascal
2025-12-17 16:47:27,Off,100300.0,Pascal
2025-12-17 16:47:30,Off,100400.0,Pascal
2025-12-17 16:47:32,Off,100300.0,Pascal
2025-12-17 16:47:34,Off,100400.0,Pascal
2025-12-17 16:47:36,Off,100300.0,Pascal
2025-12-17 16:47:39,Off,100300.0,Pascal
2025-12-17 16:47:41,Off,100300.0,Pascal
2025-12-17 16:47:43,Off,100300.0,Pascal
2025-12-17 16:47:45,Off,100300.0,Pascal
2025-12-17 16:47:47,Off,100400.0,Pascal
2025-12-17 16:47:50,Off,100300.0,Pascal
2025-12-17 16:47:52,Off,100300.0,Pascal
2025-12-17 16:47:54,Off,100300.0,Pascal
2025-12-17 16:47:56,Off,100300.0,Pascal
2025-12-17 16:47:59,Off,100300.0,Pascal
2025-12-17 16:48:01,Off,100300.0,Pascal
2025-12-17 16:48:03,Off,100300.0,Pascal
2025-12-17 16:48:05,Off,100300.0,Pascal
2025-12-17 16:48:08,Off,100300.0,Pascal
2025-12-17 16:48:10,Off,100300.0,Pascal
2025-12-17 16:48:12,Off,100300.0,Pascal
2025-12-17 16:48:14,Off,100300.0,Pascal
2025-12-17 16:48:16,Off,100300.0,Pascal
2025-12-17 16:48:19,Off,100300.0,Pascal
2025-12-17 16:48:21,Off,100300.0,Pascal
2025-12-17 16:48:23,Off,100300.0,Pascal
2025-12-17 16:48:25,Off,100300.0,Pascal
2025-12-17 16:48:28,Off,100300.0,Pascal
2025-12-17 16:48:30,Off,100300.0,Pascal
2025-12-17 16:48:32,Off,100400.0,Pascal
2025-12-17 16:48:34,Off,100300.0,Pascal
2025-12-17 16:48:36,Off,100300.0,Pascal
2025-12-17 16:48:39,Off,100400.0,Pascal
2025-12-17 16:48:41,Off,100400.0,Pascal
2025-12-17 16:48:43,Off,100300.0,Pascal
2025-12-17 16:48:45,Off,100300.0,Pascal
2025-12-17 16:48:48,Off,100300.0,Pascal
2025-12-17 16:48:50,Off,100400.0,Pascal
2025-12-17 16:48:52,Off,100300.0,Pascal
2025-12-17 16:48:54,Off,100300.0,Pascal
2025-12-17 16:48:57,Off,100300.0,Pascal
2025-12-17 16:48:59,Off,100300.0,Pascal
2025-12-17 16:49:01,Off,100400.0,Pascal
2025-12-17 16:49:03,Off,100400.0,Pascal
2025-12-17 16:49:05,Off,100400.0,Pascal
2025-12-17 16:49:08,Off,100300.0,Pascal
2025-12-17 16:49:10,Off,100300.0,Pascal
2025-12-17 16:49:12,Off,100400.0,Pascal
2025-12-17 16:49:14,Off,100400.0,Pascal
2025-12-17 16:49:17,Off,100300.0,Pascal
2025-12-17 16:49:19,Off,100400.0,Pascal
2025-12-17 16:49:21,Off,100300.0,Pascal
2025-12-17 16:49:23,Off,100300.0,Pascal
2025-12-17 16:49:25,Off,100400.0,Pascal
2025-12-17 16:49:28,Off,100300.0,Pascal
2025-12-17 16:49:30,Off,100300.0,Pascal
2025-12-17 16:49:32,Off,100300.0,Pascal
2025-12-17 16:49:34,Off,100300.0,Pascal
2025-12-17 16:49:37,Off,100300.0,Pascal
2025-12-17 16:49:39,Off,100300.0,Pascal
2025-12-17 16:49:41,Off,100300.0,Pascal
2025-12-17 16:49:43,Off,100300.0,Pascal
2025-12-17 16:49:45,Off,100300.0,Pascal
2025-12-17 16:49:48,Off,100300.0,Pascal
2025-12-17 16:49:50,Off,100300.0,Pascal
2025-12-17 16:49:52,Off,100400.0,Pascal
2025-12-17 16:49:54,Off,100300.0,Pascal
2025-12-17 16:49:57,Off,100400.0,Pascal
2025-12-17 16:49:59,Off,100300.0,Pascal
2025-12-17 16:50:01,Off,100300.0,Pascal
2025-12-17 16:50:03,Off,100400.0,Pascal
2025-12-17 16:50:06,Off,100300.0,Pascal
2025-12-17 16:50:08,Off,100300.0,Pascal
2025-12-17 16:50:10,Off,100300.0,Pascal
2025-12-17 16:50:12,Off,100400.0,Pascal
2025-12-17 16:50:14,Off,100300.0,Pascal
2025-12-17 16:50:17,Off,100300.0,Pascal
2025-12-17 16:50:19,Off,100300.0,Pascal
2025-12-17 16:50:21,Off,100400.0,Pascal
2025-12-17 16:50:23,Off,100300.0,Pascal
2025-12-17 16:50:26,Off,100300.0,Pascal
2025-12-17 16:50:28,Off,100300.0,Pascal
2025-12-17 16:50:30,Off,100300.0,Pascal
2025-12-17 16:50:32,Off,100300.0,Pascal
2025-12-17 16:50:34,Off,100300.0,Pascal
2025-12-17 16:50:37,Off,100400.0,Pascal
2025-12-17 16:50:39,Off,100300.0,Pascal
2025-12-17 16:50:41,Off,100300.0,Pascal
2025-12-17 16:50:43,Off,100300.0,Pascal
2025-12-17 16:50:46,Off,100300.0,Pascal
2025-12-17 16:50:48,Off,100300.0,Pascal
2025-12-17 16:50:50,Off,100300.0,Pascal
2025-12-17 16:50:52,Off,100300.0,Pascal
2025-12-17 16:50:55,Off,100300.0,Pascal
2025-12-17 16:50:57,Off,100300.0,Pascal
2025-12-17 16:50:59,Off,100300.0,Pascal
2025-12-17 16:51:01,Off,100300.0,Pascal
2025-12-17 16:51:03,Off,100400.0,Pascal
2025-12-17 16:51:06,Off,100400.0,Pascal
2025-12-17 16:51:08,Off,100300.0,Pascal
2025-12-17 16:51:10,Off,100300.0,Pascal
2025-12-17 16:51:12,Off,100300.0,Pascal
2025-12-17 16:51:14,Off,100300.0,Pascal
2025-12-17 16:51:17,Off,100300.0,Pascal
2025-12-17 16:51:19,Off,100300.0,Pascal
2025-12-17 16:51:21,Off,100300.0,Pascal
2025-12-17 16:51:23,Off,100400.0,Pascal
2025-12-17 16:51:26,Off,100400.0,Pascal
2025-12-17 16:51:28,Off,100400.0,Pascal
2025-12-17 16:51:30,Off,100300.0,Pascal
2025-12-17 16:51:32,Off,100300.0,Pascal
2025-12-17 16:51:34,Off,100300.0,Pascal
2025-12-17 16:51:37,Off,100400.0,Pascal
2025-12-17 16:51:39,Off,100300.0,Pascal
2025-12-17 16:51:41,Off,100300.0,Pascal
2025-12-17 16:51:43,Off,100300.0,Pascal
2025-12-17 16:51:46,Off,100300.0,Pascal
2025-12-17 16:51:48,Off,100300.0,Pascal
2025-12-17 16:51:50,Off,100300.0,Pascal
2025-12-17 16:51:52,Off,100300.0,Pascal
2025-12-17 16:51:55,Off,100300.0,Pascal
2025-12-17 16:51:57,Off,100300.0,Pascal
2025-12-17 16:51:59,Off,100300.0,Pascal
2025-12-17 16:52:01,Off,100300.0,Pascal
2025-12-17 16:52:03,Off,100300.0,Pascal
2025-12-17 16:52:06,Off,100300.0,Pascal
2025-12-17 16:52:08,Off,100300.0,Pascal
2025-12-17 16:52:10,Off,100300.0,Pascal
2025-12-17 16:52:12,Off,100400.0,Pascal
2025-12-17 16:52:15,Off,100300.0,Pascal
2025-12-17 16:52:17,Off,100300.0,Pascal
2025-12-17 16:52:19,Off,100300.0,Pascal
2025-12-17 16:52:21,Off,100300.0,Pascal
2025-12-17 16:52:24,Off,100300.0,Pascal
2025-12-17 16:52:26,Off,100300.0,Pascal
2025-12-17 16:52:28,Off,100300.0,Pascal
2025-12-17 16:52:30,Off,100300.0,Pascal
2025-12-17 16:52:32,Off,100300.0,Pascal
2025-12-17 16:52:35,Off,100400.0,Pascal
2025-12-17 16:52:37,Off,100300.0,Pascal
2025-12-17 16:52:39,Off,100300.0,Pascal
2025-12-17 16:52:41,Off,100300.0,Pascal
2025-12-17 16:52:44,Off,100400.0,Pascal
2025-12-17 16:52:46,Off,100400.0,Pascal
2025-12-17 16:52:48,Off,100300.0,Pascal
2025-12-17 16:52:50,Off,100300.0,Pascal
2025-12-17 16:52:52,Off,100300.0,Pascal
2025-12-17 16:52:55,Off,100300.0,Pascal
2025-12-17 16:52:57,Off,100300.0,Pascal
2025-12-17 16:52:59,Off,100300.0,Pascal
2025-12-17 16:53:01,Off,100400.0,Pascal
2025-12-17 16:53:04,Off,100400.0,Pascal
2025-12-17 16:53:06,Off,100400.0,Pascal
2025-12-17 16:53:08,Off,100300.0,Pascal
2025-12-17 16:53:10,Off,100300.0,Pascal
2025-12-17 16:53:13,Off,100400.0,Pascal
2025-12-17 16:53:15,Off,100400.0,Pascal
2025-12-17 16:53:17,Off,100300.0,Pascal
2025-12-17 16:53:19,Off,100300.0,Pascal
2025-12-17 16:53:21,Off,100300.0,Pascal
2025-12-17 16:53:24,Off,100300.0,Pascal
2025-12-17 16:53:26,Off,100300.0,Pascal
2025-12-17 16:53:28,Off,100300.0,Pascal
2025-12-17 16:53:30,Off,100400.0,Pascal
2025-12-17 16:53:33,Off,100300.0,Pascal
2025-12-17 16:53:35,Off,100300.0,Pascal
2025-12-17 16:53:37,Off,100300.0,Pascal
2025-12-17 16:53:39,Off,100300.0,Pascal
2025-12-17 16:53:41,Off,100300.0,Pascal
2025-12-17 16:53:44,Off,100400.0,Pascal
2025-12-17 16:53:46,Off,100300.0,Pascal
2025-12-17 16:53:48,Off,100400.0,Pascal
2025-12-17 16:53:50,Off,100300.0,Pascal
2025-12-17 16:53:53,Off,100400.0,Pascal
2025-12-17 16:53:55,Off,100400.0,Pascal
2025-12-17 16:53:57,Off,100400.0,Pascal
2025-12-17 16:53:59,Off,100400.0,Pascal
2025-12-17 16:54:02,Off,100300.0,Pascal
2025-12-17 16:54:04,Off,100300.0,Pascal
2025-12-17 16:54:06,Off,100300.0,Pascal
2025-12-17 16:54:08,Off,100300.0,Pascal
2025-12-17 16:54:10,Off,100300.0,Pascal
2025-12-17 16:54:13,Off,100400.0,Pascal
2025-12-17 16:54:15,Off,100400.0,Pascal
2025-12-17 16:54:17,Off,100400.0,Pascal
2025-12-17 16:54:19,Off,100300.0,Pascal
2025-12-17 16:54:22,Off,100400.0,Pascal
2025-12-17 16:54:24,Off,100300.0,Pascal
2025-12-17 16:54:26,Off,100300.0,Pascal
2025-12-17 16:54:28,Off,100400.0,Pascal
2025-12-17 16:54:31,Off,100300.0,Pascal
2025-12-17 16:54:33,Off,100400.0,Pascal
2025-12-17 16:54:35,Off,100300.0,Pascal
2025-12-17 16:54:37,Off,100400.0,Pascal
2025-12-17 16:54:39,Off,100400.0,Pascal
2025-12-17 16:54:42,Off,100300.0,Pascal
2025-12-17 16:54:44,Off,100300.0,Pascal
2025-12-17 16:54:46,Off,100300.0,Pascal
2025-12-17 16:54:48,Off,100400.0,Pascal
2025-12-17 16:54:51,Off,100400.0,Pascal
2025-12-17 16:54:53,Off,100400.0,Pascal
2025-12-17 16:54:55,Off,100400.0,Pascal
2025-12-17 16:54:57,Off,100400.0,Pascal
2025-12-17 16:54:59,Off,100400.0,Pascal
2025-12-17 16:55:02,Off,100400.0,Pascal
2025-12-17 16:55:04,Off,100400.0,Pascal
2025-12-17 16:55:06,Off,100300.0,Pascal
2025-12-17 16:55:08,Off,100400.0,Pascal
2025-12-17 16:55:11,Off,100300.0,Pascal
2025-12-17 16:55:13,Off,100300.0,Pascal
2025-12-17 16:55:15,Off,100400.0,Pascal
2025-12-17 16:55:17,Off,100400.0,Pascal
2025-12-17 16:55:20,Off,100400.0,Pascal
2025-12-17 16:55:22,Off,100400.0,Pascal
2025-12-17 16:55:24,Off,100400.0,Pascal
2025-12-17 16:55:26,Off,100400.0,Pascal
2025-12-17 16:55:28,Off,100400.0,Pascal
2025-12-17 16:55:31,Off,100400.0,Pascal
2025-12-17 16:55:33,Off,100400.0,Pascal
2025-12-17 16:55:35,Off,100400.0,Pascal
2025-12-17 16:55:37,Off,100300.0,Pascal
2025-12-17 16:55:40,Off,100400.0,Pascal
2025-12-17 16:55:42,Off,100400.0,Pascal
2025-12-17 16:55:44,Off,100400.0,Pascal
2025-12-17 16:55:46,Off,100300.0,Pascal
2025-12-17 16:55:48,Off,100300.0,Pascal
2025-12-17 16:55:51,Off,100300.0,Pascal
2025-12-17 16:55:53,Off,100300.0,Pascal
2025-12-17 16:55:55,Off,100400.0,Pascal
2025-12-17 16:55:57,Off,100300.0,Pascal
2025-12-17 16:56:00,Off,100300.0,Pascal
2025-12-17 16:56:02,Off,100300.0,Pascal
2025-12-17 16:56:04,Off,100400.0,Pascal
2025-12-17 16:56:06,Off,100400.0,Pascal
2025-12-17 16:56:09,Off,100400.0,Pascal
2025-12-17 16:56:11,Off,100400.0,Pascal
2025-12-17 16:56:13,Off,100400.0,Pascal
2025-12-17 16:56:15,Off,100300.0,Pascal
2025-12-17 16:56:18,Off,100300.0,Pascal
2025-12-17 16:56:20,Off,100400.0,Pascal
2025-12-17 16:56:22,Off,100400.0,Pascal
2025-12-17 16:56:24,Off,100400.0,Pascal
2025-12-17 16:56:26,Off,100400.0,Pascal
2025-12-17 16:56:29,Off,100400.0,Pascal
2025-12-17 16:56:31,Off,100400.0,Pascal
2025-12-17 16:56:33,Off,100400.0,Pascal
2025-12-17 16:56:35,Off,100300.0,Pascal
2025-12-17 16:56:38,Off,100400.0,Pascal
2025-12-17 16:56:40,Off,100300.0,Pascal
2025-12-17 16:56:42,Off,100300.0,Pascal
2025-12-17 16:56:44,Off,100400.0,Pascal
2025-12-17 16:56:47,Off,100400.0,Pascal
2025-12-17 16:56:49,Off,100400.0,Pascal
2025-12-17 16:56:51,Off,100400.0,Pascal
2025-12-17 16:56:53,Off,100300.0,Pascal
2025-12-17 16:56:55,Off,100400.0,Pascal
2025-12-17 16:56:58,Off,100400.0,Pascal
2025-12-17 16:57:00,Off,100300.0,Pascal
2025-12-17 16:57:02,Off,100400.0,Pascal
2025-12-17 16:57:04,Off,100400.0,Pascal
2025-12-17 16:57:06,Off,100400.0,Pascal
2025-12-17 16:57:09,Off,100300.0,Pascal
2025-12-17 16:57:11,Off,100300.0,Pascal
2025-12-17 16:57:13,Off,100400.0,Pascal
2025-12-17 16:57:15,Off,100300.0,Pascal
2025-12-17 16:57:18,Off,100400.0,Pascal
2025-12-17 16:57:20,Off,100400.0,Pascal
2025-12-17 16:57:22,Off,100400.0,Pascal
2025-12-17 16:57:24,Off,100400.0,Pascal
2025-12-17 16:57:27,Off,100400.0,Pascal
2025-12-17 16:57:29,Off,100400.0,Pascal
2025-12-17 16:57:31,Off,100400.0,Pascal
2025-12-17 16:57:33,Off,100400.0,Pascal
2025-12-17 16:57:35,Off,100400.0,Pascal
2025-12-17 16:57:38,Off,100300.0,Pascal
2025-12-17 16:57:40,Off,100400.0,Pascal
2025-12-17 16:57:42,Off,100400.0,Pascal
2025-12-17 16:57:44,Off,100400.0,Pascal
2025-12-17 16:57:47,Off,100400.0,Pascal
2025-12-17 16:57:49,Off,100400.0,Pascal
2025-12-17 16:57:51,Off,100400.0,Pascal
2025-12-17 16:57:53,Off,100400.0,Pascal
2025-12-17 16:57:56,Off,100400.0,Pascal
2025-12-17 16:57:58,Off,100400.0,Pascal
2025-12-17 16:58:00,Off,100400.0,Pascal
2025-12-17 16:58:02,Off,100400.0,Pascal
2025-12-17 16:58:04,Off,100400.0,Pascal
2025-12-17 16:58:07,Off,100400.0,Pascal
2025-12-17 16:58:09,Off,100400.0,Pascal
2025-12-17 16:58:11,Off,100400.0,Pascal
2025-12-17 16:58:13,Off,100400.0,Pascal
2025-12-17 16:58:16,Off,100400.0,Pascal
2025-12-17 16:58:18,Off,100400.0,Pascal
2025-12-17 16:58:20,Off,100400.0,Pascal
2025-12-17 16:58:22,Off,100400.0,Pascal
2025-12-17 16:58:25,Off,100400.0,Pascal
2025-12-17 16:58:27,Off,100400.0,Pascal
2025-12-17 16:58:29,Off,100400.0,Pascal
2025-12-17 16:58:31,Off,100400.0,Pascal
2025-12-17 16:58:34,Off,100400.0,Pascal
2025-12-17 16:58:36,Off,100400.0,Pascal
2025-12-17 16:58:38,Off,100400.0,Pascal
2025-12-17 16:58:40,Off,100400.0,Pascal
2025-12-17 16:58:42,Off,100400.0,Pascal
2025-12-17 16:58:45,Off,100400.0,Pascal
2025-12-17 16:58:47,Off,100400.0,Pascal
2025-12-17 16:58:49,Off,100400.0,Pascal
2025-12-17 16:58:51,Off,100400.0,Pascal
2025-12-17 16:58:54,Off,100400.0,Pascal
2025-12-17 16:58:56,Off,100400.0,Pascal
2025-12-17 16:58:58,Off,100400.0,Pascal
2025-12-17 16:59:00,Off,100400.0,Pascal
2025-12-17 16:59:02,Off,100400.0,Pascal
2025-12-17 16:59:05,Off,100400.0,Pascal
2025-12-17 16:59:07,Off,100400.0,Pascal
2025-12-17 16:59:09,Off,100400.0,Pascal
2025-12-17 16:59:11,Off,100400.0,Pascal
2025-12-17 16:59:14,Off,100400.0,Pascal
2025-12-17 16:59:16,Off,100400.0,Pascal
2025-12-17 16:59:18,Off,100400.0,Pascal
2025-12-17 16:59:20,Off,100400.0,Pascal
2025-12-17 16:59:23,Off,100400.0,Pascal
2025-12-17 16:59:25,Off,100400.0,Pascal
2025-12-17 16:59:27,Off,100400.0,Pascal
2025-12-17 16:59:29,Off,100400.0,Pascal
2025-12-17 16:59:31,Off,100400.0,Pascal
2025-12-17 16:59:34,Off,100400.0,Pascal
2025-12-17 16:59:36,Off,100400.0,Pascal
2025-12-17 16:59:38,Off,100400.0,Pascal
2025-12-17 16:59:40,Off,100400.0,Pascal
2025-12-17 16:59:43,Off,100400.0,Pascal
2025-12-17 16:59:45,Off,100400.0,Pascal
2025-12-17 16:59:47,Off,100400.0,Pascal
2025-12-17 16:59:49,Off,100400.0,Pascal
2025-12-17 16:59:52,Off,100400.0,Pascal
2025-12-17 16:59:54,Off,100400.0,Pascal
2025-12-17 16:59:56,Off,100400.0,Pascal
2025-12-17 16:59:58,Off,100400.0,Pascal
2025-12-17 17:00:00,Off,100400.0,Pascal
2025-12-17 17:00:03,Off,100400.0,Pascal
2025-12-17 17:00:05,Off,100400.0,Pascal
2025-12-17 17:00:07,Off,100400.0,Pascal
2025-12-17 17:00:09,Off,100400.0,Pascal
2025-12-17 17:00:12,Off,100400.0,Pascal
2025-12-17 17:00:14,Off,100400.0,Pascal
2025-12-17 17:00:16,Off,100400.0,Pascal
2025-12-17 17:00:18,Off,100400.0,Pascal
2025-12-17 17:00:21,Off,100400.0,Pascal
2025-12-17 17:00:23,Off,100400.0,Pascal
2025-12-17 17:00:25,Off,100400.0,Pascal
2025-12-17 17:00:27,Off,100400.0,Pascal
2025-12-17 17:00:29,Off,100400.0,Pascal
2025-12-17 17:00:32,Off,100400.0,Pascal
2025-12-17 17:00:34,Off,100400.0,Pascal
2025-12-17 17:00:36,Off,100400.0,Pascal
2025-12-17 17:00:38,Off,100400.0,Pascal
2025-12-17 17:00:40,Off,100400.0,Pascal
2025-12-17 17:00:43,Off,100400.0,Pascal
2025-12-17 17:00:45,Off,100400.0,Pascal
2025-12-17 17:00:47,Off,100400.0,Pascal
2025-12-17 17:00:49,Off,100400.0,Pascal
2025-12-17 17:00:52,Off,100400.0,Pascal
2025-12-17 17:00:54,Off,100400.0,Pascal
2025-12-17 17:00:56,Off,100400.0,Pascal
2025-12-17 17:00:58,Off,100400.0,Pascal
2025-12-17 17:01:01,Off,100400.0,Pascal
2025-12-17 17:01:03,Off,100400.0,Pascal
2025-12-17 17:01:05,Off,100400.0,Pascal
2025-12-17 17:01:07,Off,100400.0,Pascal
2025-12-17 17:01:10,Off,100400.0,Pascal
2025-12-17 17:01:12,Off,100400.0,Pascal
2025-12-17 17:01:14,Off,100300.0,Pascal
2025-12-17 17:01:16,Off,100400.0,Pascal
2025-12-17 17:01:18,Off,100400.0,Pascal
2025-12-17 17:01:21,Off,100400.0,Pascal
2025-12-17 17:01:23,Off,100400.0,Pascal
2025-12-17 17:01:25,Off,100400.0,Pascal
2025-12-17 17:01:27,Off,100400.0,Pascal
2025-12-17 17:01:30,Off,100400.0,Pascal
2025-12-17 17:01:32,Off,100400.0,Pascal
2025-12-17 17:01:34,Off,100400.0,Pascal
2025-12-17 17:01:36,Off,100400.0,Pascal
2025-12-17 17:01:38,Off,100400.0,Pascal
2025-12-17 17:01:41,Off,100400.0,Pascal
2025-12-17 17:01:43,Off,100400.0,Pascal
2025-12-17 17:01:45,Off,100400.0,Pascal
2025-12-17 17:01:47,Off,100400.0,Pascal
2025-12-17 17:01:50,Off,100400.0,Pascal
2025-12-17 17:01:52,Off,100400.0,Pascal
2025-12-17 17:01:54,Off,100400.0,Pascal
2025-12-17 17:01:56,Off,100400.0,Pascal
2025-12-17 17:01:59,Off,100400.0,Pascal
2025-12-17 17:02:01,Off,100400.0,Pascal
2025-12-17 17:02:03,Off,100400.0,Pascal
2025-12-17 17:02:05,Off,100400.0,Pascal
2025-12-17 17:02:07,Off,100400.0,Pascal
2025-12-17 17:02:10,Off,100400.0,Pascal
2025-12-17 17:02:12,Off,100400.0,Pascal
2025-12-17 17:02:14,Off,100400.0,Pascal
2025-12-17 17:02:16,Off,100400.0,Pascal
2025-12-17 17:02:19,Off,100400.0,Pascal
2025-12-17 17:02:21,Off,100400.0,Pascal
2025-12-17 17:02:23,Off,100400.0,Pascal
2025-12-17 17:02:25,Off,100400.0,Pascal
2025-12-17 17:02:28,Off,100400.0,Pascal
2025-12-17 17:02:30,Off,100400.0,Pascal
2025-12-17 17:02:32,Off,100400.0,Pascal
2025-12-17 17:02:34,Off,100400.0,Pascal
2025-12-17 17:02:37,Off,100400.0,Pascal
2025-12-17 17:02:39,Off,100400.0,Pascal
2025-12-17 17:02:41,Off,100400.0,Pascal
2025-12-17 17:02:43,Off,100400.0,Pascal
2025-12-17 17:02:45,Off,100400.0,Pascal
2025-12-17 17:02:48,Off,100400.0,Pascal
2025-12-17 17:02:50,Off,100400.0,Pascal
2025-12-17 17:02:52,Off,100400.0,Pascal
2025-12-17 17:02:54,Off,100400.0,Pascal
2025-12-17 17:02:57,Off,100400.0,Pascal
2025-12-17 17:02:59,Off,100400.0,Pascal
2025-12-17 17:03:01,Off,100400.0,Pascal
2025-12-17 17:03:03,Off,100400.0,Pascal
2025-12-17 17:03:05,Off,100400.0,Pascal
2025-12-17 17:03:08,Off,100400.0,Pascal
2025-12-17 17:03:10,Off,100400.0,Pascal
2025-12-17 17:03:12,Off,100400.0,Pascal
2025-12-17 17:03:14,Off,100400.0,Pascal
2025-12-17 17:03:17,Off,100400.0,Pascal
2025-12-17 17:03:19,Off,100400.0,Pascal
2025-12-17 17:03:21,Off,100400.0,Pascal
2025-12-17 17:03:23,Off,100400.0,Pascal
2025-12-17 17:03:26,Off,100400.0,Pascal
2025-12-17 17:03:28,Off,100400.0,Pascal
2025-12-17 17:03:30,Off,100400.0,Pascal
2025-12-17 17:03:32,Off,100400.0,Pascal
2025-12-17 17:03:35,Off,100400.0,Pascal
2025-12-17 17:03:37,Off,100400.0,Pascal
2025-12-17 17:03:39,Off,100400.0,Pascal
2025-12-17 17:03:41,Off,100400.0,Pascal
2025-12-17 17:03:44,Off,100400.0,Pascal
2025-12-17 17:03:46,Off,100400.0,Pascal
2025-12-17 17:03:48,Off,100400.0,Pascal
2025-12-17 17:03:50,Off,100400.0,Pascal
2025-12-17 17:03:53,Off,100400.0,Pascal
2025-12-17 17:03:55,Off,100400.0,Pascal
2025-12-17 17:03:57,Off,100400.0,Pascal
2025-12-17 17:03:59,Off,100400.0,Pascal
2025-12-17 17:04:01,Off,100400.0,Pascal
2025-12-17 17:04:04,Off,100400.0,Pascal
2025-12-17 17:04:06,Off,100400.0,Pascal
2025-12-17 17:04:08,Off,100400.0,Pascal
2025-12-17 17:04:10,Off,100400.0,Pascal
2025-12-17 17:04:12,Off,100400.0,Pascal
2025-12-17 17:04:15,Off,100400.0,Pascal
2025-12-17 17:04:17,Off,100400.0,Pascal
2025-12-17 17:04:19,Off,100400.0,Pascal
2025-12-17 17:04:21,Off,100400.0,Pascal
2025-12-17 17:04:24,Off,100400.0,Pascal
2025-12-17 17:04:26,Off,100400.0,Pascal
2025-12-17 17:04:28,Off,100400.0,Pascal
2025-12-17 17:04:30,Off,100400.0,Pascal
2025-12-17 17:04:33,Off,100400.0,Pascal
2025-12-17 17:04:35,Off,100400.0,Pascal
2025-12-17 17:04:37,Off,100400.0,Pascal
2025-12-17 17:04:39,Off,100400.0,Pascal
2025-12-17 17:04:42,Off,100400.0,Pascal
2025-12-17 17:04:44,Off,100400.0,Pascal
2025-12-17 17:04:46,Off,100400.0,Pascal
2025-12-17 17:04:48,Off,100400.0,Pascal
2025-12-17 17:04:50,Off,100400.0,Pascal
2025-12-17 17:04:53,Off,100400.0,Pascal
2025-12-17 17:04:55,Off,100400.0,Pascal
2025-12-17 17:04:57,Off,100400.0,Pascal
2025-12-17 17:04:59,Off,100400.0,Pascal
2025-12-17 17:05:02,Off,100400.0,Pascal
2025-12-17 17:05:04,Off,100400.0,Pascal
2025-12-17 17:05:06,Off,100400.0,Pascal
2025-12-17 17:05:08,Off,100400.0,Pascal
2025-12-17 17:05:10,Off,100400.0,Pascal
2025-12-17 17:05:13,Off,100400.0,Pascal
2025-12-17 17:05:15,Off,100400.0,Pascal
2025-12-17 17:05:17,Off,100400.0,Pascal
2025-12-17 17:05:19,Off,100400.0,Pascal
2025-12-17 17:05:22,Off,100400.0,Pascal
2025-12-17 17:05:24,Off,100400.0,Pascal
2025-12-17 17:05:26,Off,100400.0,Pascal
2025-12-17 17:05:28,Off,100400.0,Pascal
2025-12-17 17:05:31,Off,100400.0,Pascal
2025-12-17 17:05:33,Off,100400.0,Pascal
2025-12-17 17:05:35,Off,100400.0,Pascal
2025-12-17 17:05:37,Off,100400.0,Pascal
2025-12-17 17:05:39,Off,100400.0,Pascal
2025-12-17 17:05:42,Off,100400.0,Pascal
2025-12-17 17:05:44,Off,100400.0,Pascal
2025-12-17 17:05:46,Off,100400.0,Pascal
2025-12-17 17:05:48,Off,100400.0,Pascal
2025-12-17 17:05:51,Off,100400.0,Pascal
2025-12-17 17:05:53,Off,100400.0,Pascal
2025-12-17 17:05:55,Off,100400.0,Pascal
2025-12-17 17:05:57,Off,100400.0,Pascal
2025-12-17 17:06:00,Off,100400.0,Pascal
2025-12-17 17:06:02,Off,100400.0,Pascal
2025-12-17 17:06:04,Off,100400.0,Pascal
2025-12-17 17:06:06,Off,100400.0,Pascal
2025-12-17 17:06:08,Off,100400.0,Pascal
2025-12-17 17:06:11,Off,100400.0,Pascal
2025-12-17 17:06:13,Off,100400.0,Pascal
2025-12-17 17:06:15,Off,100400.0,Pascal
2025-12-17 17:06:17,Off,100400.0,Pascal
2025-12-17 17:06:20,Off,100400.0,Pascal
2025-12-17 17:06:22,Off,100400.0,Pascal
2025-12-17 17:06:24,Off,100400.0,Pascal
2025-12-17 17:06:26,Off,100400.0,Pascal
2025-12-17 17:06:28,Off,100400.0,Pascal
2025-12-17 17:06:31,Off,100400.0,Pascal
2025-12-17 17:06:33,Off,100400.0,Pascal
2025-12-17 17:06:35,Off,100400.0,Pascal
2025-12-17 17:06:37,Off,100400.0,Pascal
2025-12-17 17:06:40,Off,100400.0,Pascal
2025-12-17 17:06:42,Off,100400.0,Pascal
2025-12-17 17:06:44,Off,100400.0,Pascal
2025-12-17 17:06:46,Off,100400.0,Pascal
2025-12-17 17:06:49,Off,100400.0,Pascal
2025-12-17 17:06:51,Off,100400.0,Pascal
2025-12-17 17:06:53,Off,100400.0,Pascal
2025-12-17 17:06:55,Off,100400.0,Pascal
2025-12-17 17:06:57,Off,100400.0,Pascal
2025-12-17 17:07:00,Off,100400.0,Pascal
2025-12-17 17:07:02,Off,100400.0,Pascal
2025-12-17 17:07:04,Off,100400.0,Pascal
2025-12-17 17:07:06,Off,100400.0,Pascal
2025-12-17 17:07:09,Off,100400.0,Pascal
2025-12-17 17:07:11,Off,100400.0,Pascal
2025-12-17 17:07:13,Off,100400.0,Pascal
2025-12-17 17:07:15,Off,100400.0,Pascal
2025-12-17 17:07:17,Off,100400.0,Pascal
2025-12-17 17:07:20,Off,100400.0,Pascal
2025-12-17 17:07:22,Off,100400.0,Pascal
2025-12-17 17:07:24,Off,100400.0,Pascal
2025-12-17 17:07:26,Off,100400.0,Pascal
2025-12-17 17:07:29,Off,100400.0,Pascal
2025-12-17 17:07:31,Off,100400.0,Pascal
2025-12-17 17:07:33,Off,100400.0,Pascal
2025-12-17 17:07:35,Off,100400.0,Pascal
2025-12-17 17:07:38,Off,100400.0,Pascal
2025-12-17 17:07:40,Off,100400.0,Pascal
2025-12-17 17:07:42,Off,100400.0,Pascal
2025-12-17 17:07:44,Off,100400.0,Pascal
2025-12-17 17:07:46,Off,100400.0,Pascal
2025-12-17 17:07:49,Off,100400.0,Pascal
2025-12-17 17:07:51,Off,100400.0,Pascal
2025-12-17 17:07:53,Off,100400.0,Pascal
2025-12-17 17:07:55,Off,100400.0,Pascal
2025-12-17 17:07:58,Off,100400.0,Pascal
2025-12-17 17:08:00,Off,100400.0,Pascal
2025-12-17 17:08:02,Off,100400.0,Pascal
2025-12-17 17:08:04,Off,100400.0,Pascal
2025-12-17 17:08:06,Off,100400.0,Pascal
2025-12-17 17:08:09,Off,100400.0,Pascal
2025-12-17 17:08:11,Off,100400.0,Pascal
2025-12-17 17:08:13,Off,100400.0,Pascal
2025-12-17 17:08:15,Off,100400.0,Pascal
2025-12-17 17:08:18,Off,100400.0,Pascal
2025-12-17 17:08:20,Off,100400.0,Pascal
2025-12-17 17:08:22,Off,100400.0,Pascal
2025-12-17 17:08:24,Off,100400.0,Pascal
2025-12-17 17:08:27,Off,100400.0,Pascal
2025-12-17 17:08:29,Off,100400.0,Pascal
2025-12-17 17:08:31,Off,100400.0,Pascal
2025-12-17 17:08:33,Off,100400.0,Pascal
2025-12-17 17:08:35,Off,100400.0,Pascal
2025-12-17 17:08:38,Off,100400.0,Pascal
2025-12-17 17:08:40,Off,100400.0,Pascal
2025-12-17 17:08:42,Off,100400.0,Pascal
2025-12-17 17:08:44,Off,100400.0,Pascal
2025-12-17 17:08:47,Off,100400.0,Pascal
2025-12-17 17:08:49,Off,100400.0,Pascal
2025-12-17 17:08:51,Off,100400.0,Pascal
2025-12-17 17:08:53,Off,100400.0,Pascal
2025-12-17 17:08:56,Off,100400.0,Pascal
2025-12-17 17:08:58,Off,100400.0,Pascal
2025-12-17 17:09:00,Off,100400.0,Pascal
2025-12-17 17:09:02,Off,100400.0,Pascal
2025-12-17 17:09:04,Off,100400.0,Pascal
2025-12-17 17:09:07,Off,100400.0,Pascal
2025-12-17 17:09:09,Off,100400.0,Pascal
2025-12-17 17:09:11,Off,100400.0,Pascal
2025-12-17 17:09:13,Off,100400.0,Pascal
2025-12-17 17:09:16,Off,100400.0,Pascal
2025-12-17 17:09:18,Off,100400.0,Pascal
2025-12-17 17:09:20,Off,100400.0,Pascal
2025-12-17 17:09:22,Off,100400.0,Pascal
2025-12-17 17:09:24,Off,100400.0,Pascal
2025-12-17 17:09:27,Off,100400.0,Pascal
2025-12-17 17:09:29,Off,100400.0,Pascal
2025-12-17 17:09:31,Off,100400.0,Pascal
2025-12-17 17:09:33,Off,100400.0,Pascal
2025-12-17 17:09:36,Off,100400.0,Pascal
2025-12-17 17:09:38,Off,100400.0,Pascal
2025-12-17 17:09:40,Off,100400.0,Pascal
2025-12-17 17:09:42,Off,100400.0,Pascal
2025-12-17 17:09:44,Off,100400.0,Pascal
2025-12-17 17:09:47,Off,100400.0,Pascal
2025-12-17 17:09:49,Off,100400.0,Pascal
2025-12-17 17:09:51,Off,100400.0,Pascal
2025-12-17 17:09:53,Off,100400.0,Pascal
2025-12-17 17:09:56,Off,100400.0,Pascal
2025-12-17 17:09:58,Off,100400.0,Pascal
2025-12-17 17:10:00,Off,100400.0,Pascal
2025-12-17 17:10:02,Off,100400.0,Pascal
2025-12-17 17:10:04,Off,100400.0,Pascal
2025-12-17 17:10:07,Off,100400.0,Pascal
2025-12-17 17:10:09,Off,100400.0,Pascal
2025-12-17 17:10:11,Off,100400.0,Pascal
2025-12-17 17:10:13,Off,100400.0,Pascal
2025-12-17 17:10:16,Off,100400.0,Pascal
2025-12-17 17:10:18,Off,100400.0,Pascal
2025-12-17 17:10:20,Off,100400.0,Pascal
2025-12-17 17:10:22,Off,100400.0,Pascal
2025-12-17 17:10:25,Off,100400.0,Pascal
2025-12-17 17:10:27,Off,100400.0,Pascal
2025-12-17 17:10:29,Off,100400.0,Pascal
2025-12-17 17:10:31,Off,100400.0,Pascal
2025-12-17 17:10:34,Off,100400.0,Pascal
2025-12-17 17:10:36,Off,100400.0,Pascal
2025-12-17 17:10:38,Off,100400.0,Pascal
2025-12-17 17:10:40,Off,100400.0,Pascal
2025-12-17 17:10:42,Off,100400.0,Pascal
2025-12-17 17:10:45,Off,100400.0,Pascal
2025-12-17 17:10:47,Off,100400.0,Pascal
2025-12-17 17:10:49,Off,100400.0,Pascal
2025-12-17 17:10:51,Off,100400.0,Pascal
2025-12-17 17:10:53,Off,100400.0,Pascal
2025-12-17 17:10:56,Off,100400.0,Pascal
2025-12-17 17:10:58,Off,100400.0,Pascal
2025-12-17 17:11:00,Off,100400.0,Pascal
2025-12-17 17:11:02,Off,100400.0,Pascal
2025-12-17 17:11:05,Off,100400.0,Pascal
2025-12-17 17:11:07,Off,100400.0,Pascal
2025-12-17 17:11:09,Off,100400.0,Pascal
2025-12-17 17:11:11,Off,100400.0,Pascal
2025-12-17 17:11:14,Off,100400.0,Pascal
2025-12-17 17:11:16,Off,100400.0,Pascal
2025-12-17 17:11:18,Off,100400.0,Pascal
2025-12-17 17:11:20,Off,100400.0,Pascal
2025-12-17 17:11:23,Off,100400.0,Pascal
2025-12-17 17:11:25,Off,100400.0,Pascal
2025-12-17 17:11:27,Off,100400.0,Pascal
2025-12-17 17:11:29,Off,100400.0,Pascal
2025-12-17 17:11:31,Off,100400.0,Pascal
2025-12-17 17:11:34,Off,100400.0,Pascal
2025-12-17 17:11:36,Off,100400.0,Pascal
2025-12-17 17:11:38,Off,100400.0,Pascal
2025-12-17 17:11:40,Off,100400.0,Pascal
2025-12-17 17:11:43,Off,100400.0,Pascal
2025-12-17 17:11:45,Off,100400.0,Pascal
2025-12-17 17:11:47,Off,100400.0,Pascal
2025-12-17 17:11:49,Off,100400.0,Pascal
2025-12-17 17:11:52,Off,100400.0,Pascal
2025-12-17 17:11:54,Off,100400.0,Pascal
2025-12-17 17:11:56,Off,100400.0,Pascal
2025-12-17 17:11:58,Off,100400.0,Pascal
2025-12-17 17:12:00,Off,100400.0,Pascal
2025-12-17 17:12:03,Off,100400.0,Pascal
2025-12-17 17:12:05,Off,100400.0,Pascal
2025-12-17 17:12:07,Off,100400.0,Pascal
2025-12-17 17:12:09,Off,100400.0,Pascal
2025-12-17 17:12:12,Off,100400.0,Pascal
2025-12-17 17:12:14,Off,100400.0,Pascal
2025-12-17 17:12:16,Off,100400.0,Pascal
2025-12-17 17:12:18,Off,100400.0,Pascal
2025-12-17 17:12:20,Off,100400.0,Pascal
2025-12-17 17:12:23,Off,100400.0,Pascal
2025-12-17 17:12:25,Off,100400.0,Pascal
2025-12-17 17:12:27,Off,100400.0,Pascal
2025-12-17 17:12:29,Off,100400.0,Pascal
2025-12-17 17:12:32,Off,100400.0,Pascal
2025-12-17 17:12:34,Off,100400.0,Pascal
2025-12-17 17:12:36,Off,100400.0,Pascal
2025-12-17 17:12:38,Off,100400.0,Pascal
2025-12-17 17:12:41,Off,100400.0,Pascal
2025-12-17 17:12:43,Off,100400.0,Pascal
2025-12-17 17:12:45,Off,100400.0,Pascal
2025-12-17 17:12:47,Off,100400.0,Pascal
2025-12-17 17:12:49,Off,100400.0,Pascal
2025-12-17 17:12:52,Off,100400.0,Pascal
2025-12-17 17:12:54,Off,100400.0,Pascal
2025-12-17 17:12:56,Off,100400.0,Pascal
2025-12-17 17:12:58,Off,100400.0,Pascal
2025-12-17 17:13:01,Off,100400.0,Pascal
2025-12-17 17:13:03,Off,100400.0,Pascal
2025-12-17 17:13:05,Off,100400.0,Pascal
2025-12-17 17:13:16,Off,100400.0,Pascal
2025-12-17 17:13:18,Off,100400.0,Pascal
2025-12-17 17:13:21,Off,100400.0,Pascal
2025-12-17 17:13:23,Off,100400.0,Pascal
2025-12-17 17:13:25,Off,100400.0,Pascal
2025-12-17 17:13:27,Off,100400.0,Pascal
2025-12-17 17:13:29,Off,100400.0,Pascal
2025-12-17 17:13:32,Off,100400.0,Pascal
2025-12-17 17:13:34,Off,100400.0,Pascal
2025-12-17 17:13:36,Off,100400.0,Pascal
2025-12-17 17:13:38,Off,100400.0,Pascal
2025-12-17 17:13:41,Off,100400.0,Pascal
2025-12-17 17:13:43,Off,100400.0,Pascal
2025-12-17 17:13:45,Off,100400.0,Pascal
2025-12-17 17:13:47,Off,100400.0,Pascal
2025-12-17 17:13:49,Off,100400.0,Pascal
2025-12-17 17:13:52,Off,100400.0,Pascal
2025-12-17 17:13:54,Off,100400.0,Pascal
2025-12-17 17:13:56,Off,100400.0,Pascal
2025-12-17 17:13:58,Off,100400.0,Pascal
2025-12-17 17:14:00,Off,100400.0,Pascal
2025-12-17 17:14:03,Off,100400.0,Pascal
2025-12-17 17:14:05,Off,100400.0,Pascal
2025-12-17 17:14:07,Off,100400.0,Pascal
2025-12-17 17:14:09,Off,100400.0,Pascal
2025-12-17 17:14:12,Off,100400.0,Pascal
2025-12-17 17:14:14,Off,100400.0,Pascal
2025-12-17 17:14:16,Off,100400.0,Pascal
2025-12-17 17:14:18,Off,100400.0,Pascal
2025-12-17 17:14:21,Off,100400.0,Pascal
2025-12-17 17:14:23,Off,100400.0,Pascal
2025-12-17 17:14:25,Off,100400.0,Pascal
2025-12-17 17:14:27,Off,100400.0,Pascal
2025-12-17 17:14:29,Off,100400.0,Pascal
2025-12-17 17:14:32,Off,100400.0,Pascal
2025-12-17 17:14:34,Off,100400.0,Pascal
2025-12-17 17:14:36,Off,100400.0,Pascal
2025-12-17 17:14:38,Off,100400.0,Pascal
2025-12-17 17:14:41,Off,100400.0,Pascal
2025-12-17 17:14:43,Off,100400.0,Pascal
2025-12-17 17:14:45,Off,100400.0,Pascal
2025-12-17 17:14:47,Off,100400.0,Pascal
2025-12-17 17:14:50,Off,100400.0,Pascal
2025-12-17 17:14:52,Off,100400.0,Pascal
2025-12-17 17:14:54,Off,100400.0,Pascal
2025-12-17 17:14:56,Off,100400.0,Pascal
2025-12-17 17:14:58,Off,100400.0,Pascal
2025-12-17 17:15:01,Off,100400.0,Pascal
2025-12-17 17:15:03,Off,100400.0,Pascal
2025-12-17 17:15:05,Off,100400.0,Pascal
2025-12-17 17:15:07,Off,100400.0,Pascal
2025-12-17 17:15:10,Off,100400.0,Pascal
2025-12-17 17:15:12,Off,100400.0,Pascal
2025-12-17 17:15:14,Off,100400.0,Pascal
2025-12-17 17:15:16,Off,100400.0,Pascal
2025-12-17 17:15:18,Off,100400.0,Pascal
2025-12-17 17:15:21,Off,100400.0,Pascal
2025-12-17 17:15:23,Off,100400.0,Pascal
2025-12-17 17:15:25,Off,100400.0,Pascal
2025-12-17 17:15:27,Off,100400.0,Pascal
2025-12-17 17:15:30,Off,100400.0,Pascal
2025-12-17 17:15:32,Off,100400.0,Pascal
2025-12-17 17:15:34,Off,100400.0,Pascal
2025-12-17 17:15:36,Off,100400.0,Pascal
2025-12-17 17:15:38,Off,100400.0,Pascal
2025-12-17 17:15:41,Off,100400.0,Pascal
2025-12-17 17:15:43,Off,100400.0,Pascal
2025-12-17 17:15:45,Off,100400.0,Pascal
2025-12-17 17:15:47,Off,100400.0,Pascal
2025-12-17 17:15:50,Off,100400.0,Pascal
2025-12-17 17:15:52,Off,100400.0,Pascal
2025-12-17 17:15:54,Off,100400.0,Pascal
2025-12-17 17:15:56,Off,100400.0,Pascal
2025-12-17 17:15:58,Off,100400.0,Pascal
2025-12-17 17:16:01,Off,100400.0,Pascal
2025-12-17 17:16:03,Off,100400.0,Pascal
2025-12-17 17:16:05,Off,100400.0,Pascal
2025-12-17 17:16:07,Off,100400.0,Pascal
2025-12-17 17:16:10,Off,100400.0,Pascal
2025-12-17 17:16:12,Off,100400.0,Pascal
2025-12-17 17:16:14,Off,100400.0,Pascal
2025-12-17 17:16:16,Off,100400.0,Pascal
2025-12-17 17:16:18,Off,100400.0,Pascal
2025-12-17 17:16:21,Off,100400.0,Pascal
2025-12-17 17:16:23,Off,100400.0,Pascal
2025-12-17 17:16:25,Off,100400.0,Pascal
2025-12-17 17:16:27,Off,100400.0,Pascal
2025-12-17 17:16:30,Off,100400.0,Pascal
2025-12-17 17:16:32,Off,100400.0,Pascal
2025-12-17 17:16:34,Off,100400.0,Pascal
2025-12-17 17:16:36,Off,100400.0,Pascal
2025-12-17 17:16:39,Off,100400.0,Pascal
2025-12-17 17:16:41,Off,100400.0,Pascal
2025-12-17 17:16:43,Off,100400.0,Pascal
2025-12-17 17:16:45,Off,100400.0,Pascal
2025-12-17 17:16:47,Off,100400.0,Pascal
2025-12-17 17:16:50,Off,100400.0,Pascal
2025-12-17 17:16:52,Off,100400.0,Pascal
2025-12-17 17:16:54,Off,100400.0,Pascal
2025-12-17 17:16:56,Off,100400.0,Pascal
2025-12-17 17:16:59,Off,100400.0,Pascal
2025-12-17 17:17:01,Off,100400.0,Pascal
2025-12-17 17:17:03,Off,100400.0,Pascal
2025-12-17 17:17:05,Off,100400.0,Pascal
2025-12-17 17:17:08,Off,100400.0,Pascal
2025-12-17 17:17:10,Off,100400.0,Pascal
2025-12-17 17:17:12,Off,100400.0,Pascal
2025-12-17 17:17:14,Off,100400.0,Pascal
2025-12-17 17:17:16,Off,100400.0,Pascal
2025-12-17 17:17:19,Off,100400.0,Pascal
2025-12-17 17:17:21,Off,100400.0,Pascal
2025-12-17 17:17:23,Off,100400.0,Pascal
2025-12-17 17:17:25,Off,100400.0,Pascal
2025-12-17 17:17:28,Off,100400.0,Pascal
2025-12-17 17:17:30,Off,100400.0,Pascal
2025-12-17 17:17:32,Off,100400.0,Pascal
2025-12-17 17:17:34,Off,100400.0,Pascal
2025-12-17 17:17:36,Off,100400.0,Pascal
2025-12-17 17:17:39,Off,100400.0,Pascal
2025-12-17 17:17:41,Off,100400.0,Pascal
2025-12-17 17:17:43,Off,100400.0,Pascal
2025-12-17 17:17:45,Off,100400.0,Pascal
2025-12-17 17:17:48,Off,100400.0,Pascal
2025-12-17 17:17:50,Off,100400.0,Pascal
2025-12-17 17:17:52,Off,100400.0,Pascal
2025-12-17 17:17:54,Off,100400.0,Pascal
2025-12-17 17:17:57,Off,100400.0,Pascal
2025-12-17 17:17:59,Off,100400.0,Pascal
2025-12-17 17:18:01,Off,100400.0,Pascal
2025-12-17 17:18:03,Off,100400.0,Pascal
2025-12-17 17:18:06,Off,100400.0,Pascal
2025-12-17 17:18:08,Off,100400.0,Pascal
2025-12-17 17:18:10,Off,100400.0,Pascal
2025-12-17 17:18:12,Off,100400.0,Pascal
2025-12-17 17:18:14,Off,100400.0,Pascal
2025-12-17 17:18:17,Off,100400.0,Pascal
2025-12-17 17:18:19,Off,100400.0,Pascal
2025-12-17 17:18:21,Off,100400.0,Pascal
2025-12-17 17:18:23,Off,100400.0,Pascal
2025-12-17 17:18:26,Off,100400.0,Pascal
2025-12-17 17:18:28,Off,100400.0,Pascal
2025-12-17 17:18:30,Off,100400.0,Pascal
2025-12-17 17:18:32,Off,100400.0,Pascal
2025-12-17 17:18:35,Off,100400.0,Pascal
2025-12-17 17:18:37,Off,100400.0,Pascal
2025-12-17 17:18:39,Off,100400.0,Pascal
2025-12-17 17:18:41,Off,100400.0,Pascal
2025-12-17 17:18:44,Off,100400.0,Pascal
2025-12-17 17:18:46,Off,100400.0,Pascal
2025-12-17 17:18:48,Off,100400.0,Pascal
2025-12-17 17:18:50,Off,100400.0,Pascal
2025-12-17 17:18:52,Off,100400.0,Pascal
2025-12-17 17:18:55,Off,100400.0,Pascal
2025-12-17 17:18:57,Off,100400.0,Pascal
2025-12-17 17:18:59,Off,100400.0,Pascal
2025-12-17 17:19:01,Off,100400.0,Pascal
2025-12-17 17:19:03,Off,100400.0,Pascal
2025-12-17 17:19:06,Off,100400.0,Pascal
2025-12-17 17:19:08,Off,100400.0,Pascal
2025-12-17 17:19:10,Off,100400.0,Pascal
2025-12-17 17:19:12,Off,100400.0,Pascal
2025-12-17 17:19:15,Off,100400.0,Pascal
2025-12-17 17:19:17,Off,100400.0,Pascal
2025-12-17 17:19:19,Off,100400.0,Pascal
2025-12-17 17:19:21,Off,100400.0,Pascal
2025-12-17 17:19:24,Off,100400.0,Pascal
2025-12-17 17:19:26,Off,100400.0,Pascal
2025-12-17 17:19:28,Off,100400.0,Pascal
2025-12-17 17:19:30,Off,100400.0,Pascal
2025-12-17 17:19:33,Off,100400.0,Pascal
2025-12-17 17:19:35,Off,100400.0,Pascal
2025-12-17 17:19:37,Off,100400.0,Pascal
2025-12-17 17:19:39,Off,100400.0,Pascal
2025-12-17 17:19:41,Off,100400.0,Pascal
2025-12-17 17:19:44,Off,100400.0,Pascal
2025-12-17 17:19:46,Off,100400.0,Pascal
2025-12-17 17:19:48,Off,100400.0,Pascal
2025-12-17 17:19:50,Off,100400.0,Pascal
2025-12-17 17:19:53,Off,100400.0,Pascal
2025-12-17 17:19:55,Off,100400.0,Pascal
2025-12-17 17:19:57,Off,100400.0,Pascal
2025-12-17 17:19:59,Off,100400.0,Pascal
2025-12-17 17:20:02,Off,100400.0,Pascal
2025-12-17 17:20:04,Off,100400.0,Pascal
2025-12-17 17:20:06,Off,100400.0,Pascal
2025-12-17 17:20:08,Off,100400.0,Pascal
2025-12-17 17:20:10,Off,100400.0,Pascal
2025-12-17 17:20:13,Off,100400.0,Pascal
2025-12-17 17:20:15,Off,100400.0,Pascal
2025-12-17 17:20:17,Off,100400.0,Pascal
2025-12-17 17:20:19,Off,100400.0,Pascal
2025-12-17 17:20:22,Off,100400.0,Pascal
2025-12-17 17:20:24,Off,100400.0,Pascal
2025-12-17 17:20:26,Off,100400.0,Pascal
2025-12-17 17:20:28,Off,100400.0,Pascal
2025-12-17 17:20:30,Off,100400.0,Pascal
2025-12-17 17:20:33,Off,100400.0,Pascal
2025-12-17 17:20:35,Off,100400.0,Pascal
2025-12-17 17:20:37,Off,100400.0,Pascal
2025-12-17 17:20:39,Off,100400.0,Pascal
2025-12-17 17:20:42,Off,100400.0,Pascal
2025-12-17 17:20:44,Off,100400.0,Pascal
2025-12-17 17:20:46,Off,100400.0,Pascal
2025-12-17 17:20:48,Off,100400.0,Pascal
2025-12-17 17:20:51,Off,100400.0,Pascal
2025-12-17 17:20:53,Off,100400.0,Pascal
2025-12-17 17:20:55,Off,100400.0,Pascal
2025-12-17 17:20:57,Off,100400.0,Pascal
2025-12-17 17:21:00,Off,100400.0,Pascal
2025-12-17 17:21:02,Off,100400.0,Pascal
2025-12-17 17:21:04,Off,100400.0,Pascal
2025-12-17 17:21:06,Off,100400.0,Pascal
2025-12-17 17:21:08,Off,100400.0,Pascal
2025-12-17 17:21:11,Off,100400.0,Pascal
2025-12-17 17:21:13,Off,100400.0,Pascal
2025-12-17 17:21:15,Off,100400.0,Pascal
2025-12-17 17:21:17,Off,100400.0,Pascal
2025-12-17 17:21:20,Off,100400.0,Pascal
2025-12-17 17:21:22,Off,100400.0,Pascal
2025-12-17 17:21:24,Off,100400.0,Pascal
2025-12-17 17:21:26,Off,100400.0,Pascal
2025-12-17 17:21:29,Off,100400.0,Pascal
2025-12-17 17:21:31,Off,100400.0,Pascal
2025-12-17 17:21:33,Off,100400.0,Pascal
2025-12-17 17:21:35,Off,100400.0,Pascal
2025-12-17 17:21:37,Off,100400.0,Pascal
2025-12-17 17:21:40,Off,100400.0,Pascal
2025-12-17 17:21:42,Off,100400.0,Pascal
2025-12-17 17:21:44,Off,100400.0,Pascal
2025-12-17 17:21:46,Off,100400.0,Pascal
2025-12-17 17:21:49,Off,100400.0,Pascal
2025-12-17 17:21:51,Off,100400.0,Pascal
2025-12-17 17:21:53,Off,100400.0,Pascal
2025-12-17 17:21:55,Off,100400.0,Pascal
2025-12-17 17:21:57,Off,100400.0,Pascal
2025-12-17 17:22:00,Off,100400.0,Pascal
2025-12-17 17:22:02,Off,100400.0,Pascal
2025-12-17 17:22:04,Off,100400.0,Pascal
2025-12-17 17:22:06,Off,100400.0,Pascal
2025-12-17 17:23:10,Off,100400.0,Pascal
2025-12-17 17:23:12,Off,100400.0,Pascal
2025-12-17 17:23:14,Off,100400.0,Pascal
2025-12-17 17:23:16,Off,100400.0,Pascal
2025-12-17 17:23:18,Off,100400.0,Pascal
2025-12-17 17:23:21,Off,100400.0,Pascal
2025-12-17 17:23:23,Off,100400.0,Pascal
2025-12-17 17:23:25,Off,100400.0,Pascal
2025-12-17 17:23:27,Off,100400.0,Pascal
2025-12-17 17:23:30,Off,100400.0,Pascal
2025-12-17 17:23:32,Off,100400.0,Pascal
2025-12-17 17:23:34,Off,100400.0,Pascal
2025-12-17 17:23:36,Off,100400.0,Pascal
2025-12-17 17:23:38,Off,100400.0,Pascal
2025-12-17 17:23:41,Off,100400.0,Pascal
2025-12-17 17:23:43,Off,100400.0,Pascal
2025-12-17 17:23:45,Off,100400.0,Pascal
2025-12-17 17:23:47,Off,100400.0,Pascal
2025-12-17 17:23:50,Off,100400.0,Pascal
2025-12-17 17:23:52,Off,100400.0,Pascal
2025-12-17 17:23:54,Off,100400.0,Pascal
2025-12-17 17:23:56,Off,100400.0,Pascal
2025-12-17 17:23:59,Off,100400.0,Pascal
2025-12-17 17:24:01,Off,100400.0,Pascal
2025-12-17 17:24:03,Off,100400.0,Pascal
2025-12-17 17:24:05,Off,100400.0,Pascal
2025-12-17 17:24:07,Off,100400.0,Pascal
2025-12-17 17:24:10,Off,100400.0,Pascal
2025-12-17 17:24:12,Off,100400.0,Pascal
2025-12-17 17:24:14,Off,100400.0,Pascal
2025-12-17 17:24:16,Off,100400.0,Pascal
2025-12-17 17:24:19,Off,100400.0,Pascal
2025-12-17 17:24:21,Off,100400.0,Pascal
2025-12-17 17:24:23,Off,100400.0,Pascal
2025-12-17 17:24:25,Off,100400.0,Pascal
2025-12-17 17:24:27,Off,100400.0,Pascal
2025-12-17 17:24:30,Off,100400.0,Pascal
2025-12-17 17:24:32,Off,100400.0,Pascal
2025-12-17 17:24:34,Off,100400.0,Pascal
2025-12-17 17:24:36,Off,100400.0,Pascal
2025-12-17 17:24:39,Off,100400.0,Pascal
2025-12-17 17:24:41,Off,100400.0,Pascal
2025-12-17 17:24:43,Off,100400.0,Pascal
2025-12-17 17:24:45,Off,100400.0,Pascal
2025-12-17 17:24:48,Off,100400.0,Pascal
2025-12-17 17:24:50,Off,100400.0,Pascal
2025-12-17 17:24:52,Off,100400.0,Pascal
2025-12-17 17:24:54,Off,100400.0,Pascal
2025-12-17 17:24:56,Off,100400.0,Pascal
2025-12-17 17:24:59,Off,100400.0,Pascal
2025-12-17 17:25:01,Off,100400.0,Pascal
2025-12-17 17:25:03,Off,100400.0,Pascal
2025-12-17 17:25:05,Off,100400.0,Pascal
2025-12-17 17:25:08,Off,100400.0,Pascal
2025-12-17 17:25:10,Off,100400.0,Pascal
2025-12-17 17:25:12,Off,100400.0,Pascal
2025-12-17 17:25:14,Off,100400.0,Pascal
2025-12-17 17:25:17,Off,100400.0,Pascal
2025-12-17 17:25:19,Off,100400.0,Pascal
2025-12-17 17:25:21,Off,100400.0,Pascal
2025-12-17 17:25:23,Off,100400.0,Pascal
2025-12-17 17:25:25,Off,100400.0,Pascal
2025-12-17 17:25:28,Off,100400.0,Pascal
2025-12-17 17:25:30,Off,100400.0,Pascal
2025-12-17 17:25:32,Off,100400.0,Pascal
2025-12-17 17:25:34,Off,100400.0,Pascal
2025-12-17 17:25:37,Off,100400.0,Pascal
2025-12-17 17:25:39,Off,100400.0,Pascal
2025-12-17 17:25:41,Off,100400.0,Pascal
2025-12-17 17:25:43,Off,100400.0,Pascal
2025-12-17 17:25:45,Off,100400.0,Pascal
2025-12-17 17:25:48,Off,100400.0,Pascal
2025-12-17 17:25:50,Off,100400.0,Pascal
2025-12-17 17:25:52,Off,100400.0,Pascal
2025-12-17 17:25:54,Off,100400.0,Pascal
2025-12-17 17:25:57,Off,100400.0,Pascal
2025-12-17 17:25:59,Off,100400.0,Pascal
2025-12-17 17:26:01,Off,100400.0,Pascal
2025-12-17 17:26:03,Off,100400.0,Pascal
2025-12-17 17:26:06,Off,100400.0,Pascal
2025-12-17 17:26:08,Off,100400.0,Pascal
2025-12-17 17:26:10,Off,100400.0,Pascal
2025-12-17 17:26:12,Off,100400.0,Pascal
2025-12-17 17:26:14,Off,100400.0,Pascal
2025-12-17 17:26:17,Off,100400.0,Pascal
2025-12-17 17:26:19,Off,100400.0,Pascal
2025-12-17 17:26:21,Off,100400.0,Pascal
2025-12-17 17:26:23,Off,100400.0,Pascal
2025-12-17 17:26:26,Off,100400.0,Pascal
2025-12-17 17:26:28,Off,100400.0,Pascal
2025-12-17 17:26:30,Off,100400.0,Pascal
2025-12-17 17:26:32,Off,100400.0,Pascal
2025-12-17 17:26:34,Off,100400.0,Pascal
2025-12-17 17:26:37,Off,100400.0,Pascal
2025-12-17 17:27:33,Off,100400.0,Pascal
2025-12-17 17:27:36,Off,100400.0,Pascal
2025-12-17 17:27:38,Off,100400.0,Pascal
2025-12-17 17:27:40,Off,100400.0,Pascal
2025-12-17 17:27:42,Off,100400.0,Pascal
2025-12-17 17:27:45,Off,100400.0,Pascal
2025-12-17 17:27:47,Off,100400.0,Pascal
2025-12-17 17:27:49,Off,100400.0,Pascal
2025-12-17 17:27:51,Off,100400.0,Pascal
2025-12-17 17:27:54,Off,100400.0,Pascal
2025-12-17 17:27:56,Off,100400.0,Pascal
2025-12-17 17:27:58,Off,100400.0,Pascal
2025-12-17 17:28:00,Off,100400.0,Pascal
2025-12-17 17:28:02,Off,100400.0,Pascal
2025-12-17 17:28:05,Off,100400.0,Pascal
2025-12-17 17:28:07,Off,100400.0,Pascal
2025-12-17 17:28:09,Off,100400.0,Pascal
2025-12-17 17:28:11,Off,100400.0,Pascal
2025-12-17 17:28:14,Off,100400.0,Pascal
2025-12-17 17:28:16,Off,100400.0,Pascal
2025-12-17 17:28:18,Off,100400.0,Pascal
2025-12-17 17:28:20,Off,100400.0,Pascal
2025-12-17 17:28:22,Off,100400.0,Pascal
2025-12-17 17:28:25,Off,100400.0,Pascal
2025-12-17 17:28:27,Off,100400.0,Pascal
2025-12-17 17:28:29,Off,100400.0,Pascal
2025-12-17 17:28:31,Off,100400.0,Pascal
2025-12-17 17:28:34,Off,100400.0,Pascal
2025-12-17 17:28:36,Off,100400.0,Pascal
2025-12-17 17:28:38,Off,100400.0,Pascal
2025-12-17 17:28:40,Off,100400.0,Pascal
2025-12-17 17:28:42,Off,100400.0,Pascal
2025-12-17 17:28:45,Off,100400.0,Pascal
2025-12-17 17:28:47,Off,100400.0,Pascal
2025-12-17 17:28:49,Off,100400.0,Pascal
2025-12-17 17:28:51,Off,100400.0,Pascal
2025-12-17 17:28:54,Off,100400.0,Pascal
2025-12-17 17:28:56,Off,100400.0,Pascal
2025-12-17 17:28:58,Off,100400.0,Pascal
2025-12-17 17:29:00,Off,100400.0,Pascal
2025-12-17 17:29:03,Off,100400.0,Pascal
2025-12-17 17:29:05,Off,100400.0,Pascal
2025-12-17 17:29:07,Off,100400.0,Pascal
2025-12-17 17:29:09,Off,100400.0,Pascal
2025-12-17 17:29:11,Off,100400.0,Pascal
2025-12-17 17:29:14,Off,100400.0,Pascal
2025-12-17 17:29:16,Off,100400.0,Pascal
2025-12-17 17:29:18,Off,100400.0,Pascal
2025-12-17 17:29:20,Off,100400.0,Pascal
2025-12-17 17:29:23,Off,100400.0,Pascal
2025-12-17 17:29:25,Off,100400.0,Pascal
2025-12-17 17:29:27,Off,100400.0,Pascal
2025-12-17 17:29:29,Off,100400.0,Pascal
2025-12-17 17:29:32,Off,100400.0,Pascal
2025-12-17 17:29:34,Off,100400.0,Pascal
2025-12-17 17:29:36,Off,100400.0,Pascal
2025-12-17 17:29:38,Off,100400.0,Pascal
2025-12-17 17:29:40,Off,100400.0,Pascal
2025-12-17 17:29:43,Off,100400.0,Pascal
2025-12-17 17:29:45,Off,100400.0,Pascal
2025-12-17 17:29:47,Off,100400.0,Pascal
2025-12-17 17:29:49,Off,100400.0,Pascal
2025-12-17 17:29:52,Off,100400.0,Pascal
2025-12-17 17:29:54,Off,100400.0,Pascal
2025-12-17 17:29:56,Off,100400.0,Pascal
2025-12-17 17:29:58,Off,100400.0,Pascal
2025-12-17 17:30:01,Off,100400.0,Pascal
2025-12-17 17:30:03,Off,100400.0,Pascal
2025-12-17 17:30:05,Off,100400.0,Pascal
2025-12-17 17:30:07,Off,100400.0,Pascal
2025-12-17 17:30:09,Off,100400.0,Pascal
2025-12-17 17:30:12,Off,100400.0,Pascal
2025-12-17 17:30:14,Off,100400.0,Pascal
2025-12-17 17:30:16,Off,100400.0,Pascal
2025-12-17 17:30:18,Off,100400.0,Pascal
2025-12-17 17:30:21,Off,100400.0,Pascal
2025-12-17 17:30:23,Off,100400.0,Pascal
2025-12-17 17:30:25,Off,100400.0,Pascal
2025-12-17 17:30:27,Off,100400.0,Pascal
2025-12-17 17:30:30,Off,100400.0,Pascal
2025-12-17 17:30:32,Off,100400.0,Pascal
2025-12-17 17:30:34,Off,100400.0,Pascal
2025-12-17 17:30:36,Off,100400.0,Pascal
2025-12-17 17:30:39,Off,100400.0,Pascal
2025-12-17 17:30:41,Off,100400.0,Pascal
2025-12-17 17:30:43,Off,100400.0,Pascal
2025-12-17 17:30:45,Off,100400.0,Pascal
2025-12-17 17:30:47,Off,100400.0,Pascal
2025-12-17 17:30:50,Off,100400.0,Pascal
2025-12-17 17:30:52,Off,100400.0,Pascal
2025-12-17 17:30:54,Off,100400.0,Pascal
2025-12-17 17:30:56,Off,100400.0,Pascal
2025-12-17 17:30:59,Off,100400.0,Pascal
2025-12-17 17:31:01,Off,100400.0,Pascal
2025-12-17 17:31:03,Off,100400.0,Pascal
2025-12-17 17:31:05,Off,100400.0,Pascal
2025-12-17 17:31:07,Off,100400.0,Pascal
2025-12-17 17:31:10,Off,100400.0,Pascal
2025-12-17 17:31:12,Off,100400.0,Pascal
2025-12-17 17:31:14,Off,100400.0,Pascal
2025-12-17 17:31:16,Off,100400.0,Pascal
2025-12-17 17:31:19,Off,100400.0,Pascal
2025-12-17 17:31:21,Off,100400.0,Pascal
2025-12-17 17:31:23,Off,100400.0,Pascal
2025-12-17 17:31:25,Off,100400.0,Pascal
2025-12-17 17:31:28,Off,100400.0,Pascal
2025-12-17 17:31:30,Off,100400.0,Pascal
2025-12-17 17:31:32,Off,100400.0,Pascal
2025-12-17 17:31:34,Off,100400.0,Pascal
2025-12-17 17:31:36,Off,100400.0,Pascal
2025-12-17 17:31:39,Off,100400.0,Pascal
2025-12-17 17:31:41,Off,100400.0,Pascal
2025-12-17 17:31:43,Off,100400.0,Pascal
2025-12-17 17:31:45,Off,100400.0,Pascal
2025-12-17 17:31:48,Off,100400.0,Pascal
2025-12-17 17:31:50,Off,100400.0,Pascal
2025-12-17 17:31:52,Off,100400.0,Pascal
2025-12-17 17:31:54,Off,100400.0,Pascal
2025-12-17 17:31:57,Off,100400.0,Pascal
2025-12-17 17:31:59,Off,100400.0,Pascal
2025-12-17 17:32:01,Off,100400.0,Pascal
2025-12-17 17:32:03,Off,100400.0,Pascal
2025-12-17 17:32:05,Off,100400.0,Pascal
2025-12-17 17:32:08,Off,100400.0,Pascal
2025-12-17 17:32:10,Off,100400.0,Pascal
2025-12-17 17:32:12,Off,100400.0,Pascal
2025-12-17 17:32:14,Off,100400.0,Pascal
2025-12-17 17:32:17,Off,100400.0,Pascal
2025-12-17 17:32:19,Off,100400.0,Pascal
2025-12-17 17:32:21,Off,100400.0,Pascal
2025-12-17 17:32:23,Off,100400.0,Pascal
2025-12-17 17:32:25,Off,100400.0,Pascal
2025-12-17 17:32:28,Off,100400.0,Pascal
2025-12-17 17:32:30,Off,100400.0,Pascal
2025-12-17 17:32:32,Off,100400.0,Pascal
2025-12-17 17:32:34,Off,100400.0,Pascal
2025-12-17 17:32:37,Off,100400.0,Pascal
2025-12-17 17:32:39,Off,100400.0,Pascal
2025-12-17 17:32:41,Off,100400.0,Pascal
2025-12-17 17:32:43,Off,100400.0,Pascal
2025-12-17 17:32:46,Off,100400.0,Pascal
2025-12-17 17:32:48,Off,100400.0,Pascal
2025-12-17 17:32:50,Off,100400.0,Pascal
2025-12-17 17:32:52,Off,100400.0,Pascal
2025-12-17 17:32:55,Off,100400.0,Pascal
2025-12-17 17:32:57,Off,100400.0,Pascal
2025-12-17 17:32:59,Off,100400.0,Pascal
2025-12-17 17:33:01,Off,100400.0,Pascal
2025-12-17 17:33:03,Off,100400.0,Pascal
2025-12-17 17:33:06,Off,100400.0,Pascal
2025-12-17 17:33:08,Off,100400.0,Pascal
2025-12-17 17:33:10,Off,100400.0,Pascal
2025-12-17 17:33:12,Off,100400.0,Pascal
2025-12-17 17:33:15,Off,100400.0,Pascal
2025-12-17 17:33:17,Off,100400.0,Pascal
2025-12-17 17:33:19,Off,100400.0,Pascal
2025-12-17 17:33:21,Off,100400.0,Pascal
2025-12-17 17:33:23,Off,100400.0,Pascal
2025-12-17 17:33:26,Off,100400.0,Pascal
2025-12-17 17:33:28,Off,100400.0,Pascal
2025-12-17 17:33:30,Off,100400.0,Pascal
2025-12-17 17:33:32,Off,100400.0,Pascal
2025-12-17 17:33:35,Off,100400.0,Pascal
2025-12-17 17:33:37,Off,100400.0,Pascal
2025-12-17 17:33:39,Off,100400.0,Pascal
2025-12-17 17:33:41,Off,100400.0,Pascal
2025-12-17 17:33:44,Off,100400.0,Pascal
2025-12-17 17:33:46,Off,100400.0,Pascal
2025-12-17 17:33:48,Off,100400.0,Pascal
2025-12-17 17:33:50,Off,100400.0,Pascal
2025-12-17 17:33:52,Off,100400.0,Pascal
2025-12-17 17:33:55,Off,100400.0,Pascal
2025-12-17 17:33:57,Off,100400.0,Pascal
2025-12-17 17:33:59,Off,100400.0,Pascal
2025-12-17 17:34:01,Off,100400.0,Pascal
2025-12-17 17:34:04,Off,100400.0,Pascal
2025-12-17 17:34:06,Off,100400.0,Pascal
2025-12-17 17:34:08,Off,100400.0,Pascal
2025-12-17 17:34:10,Off,100400.0,Pascal
2025-12-17 17:34:13,Off,100400.0,Pascal
2025-12-17 17:34:15,Off,100400.0,Pascal
2025-12-17 17:34:17,Off,100400.0,Pascal
2025-12-17 17:34:19,Off,100400.0,Pascal
2025-12-17 17:34:21,Off,100400.0,Pascal
2025-12-17 17:34:24,Off,100400.0,Pascal
2025-12-17 17:34:26,Off,100400.0,Pascal
2025-12-17 17:34:28,Off,100400.0,Pascal
2025-12-17 17:34:30,Off,100400.0,Pascal
2025-12-17 17:34:33,Off,100400.0,Pascal
2025-12-17 17:34:35,Off,100400.0,Pascal
2025-12-17 17:34:37,Off,100400.0,Pascal
2025-12-17 17:34:39,Off,100400.0,Pascal
2025-12-17 17:34:42,Off,100400.0,Pascal
2025-12-17 17:34:44,Off,100400.0,Pascal
2025-12-17 17:34:46,Off,100400.0,Pascal
2025-12-17 17:34:48,Off,100400.0,Pascal
2025-12-17 17:34:50,Off,100400.0,Pascal
2025-12-17 17:34:53,Off,100400.0,Pascal
2025-12-17 17:34:55,Off,100400.0,Pascal
2025-12-17 17:34:57,Off,100400.0,Pascal
2025-12-17 17:34:59,Off,100400.0,Pascal
2025-12-17 17:35:02,Off,100400.0,Pascal
2025-12-17 17:35:04,Off,100400.0,Pascal
2025-12-17 17:35:06,Off,100400.0,Pascal
2025-12-17 17:35:08,Off,100400.0,Pascal
2025-12-17 17:35:11,Off,100400.0,Pascal
2025-12-17 17:35:13,Off,100400.0,Pascal
2025-12-17 17:35:15,Off,100400.0,Pascal
2025-12-17 17:35:17,Off,100400.0,Pascal
2025-12-17 17:35:19,Off,100400.0,Pascal
2025-12-17 17:35:22,Off,100400.0,Pascal
2025-12-17 17:35:24,Off,100400.0,Pascal
2025-12-17 17:35:26,Off,100400.0,Pascal
2025-12-17 17:35:28,Off,100400.0,Pascal
2025-12-17 17:35:31,Off,100400.0,Pascal
2025-12-17 17:35:33,Off,100400.0,Pascal
2025-12-17 17:35:35,Off,100400.0,Pascal
2025-12-17 17:35:37,Off,100400.0,Pascal
2025-12-17 17:35:39,Off,100400.0,Pascal
2025-12-17 17:35:42,Off,100400.0,Pascal
2025-12-17 17:35:44,Off,100400.0,Pascal
2025-12-17 17:35:46,Off,100400.0,Pascal
2025-12-17 17:35:48,Off,100400.0,Pascal
2025-12-17 17:35:51,Off,100400.0,Pascal
2025-12-17 17:35:53,Off,100400.0,Pascal
2025-12-17 17:35:55,Off,100400.0,Pascal
2025-12-17 17:35:57,Off,100400.0,Pascal
2025-12-17 17:35:59,Off,100400.0,Pascal
2025-12-17 17:36:02,Off,100400.0,Pascal
2025-12-17 17:36:04,Off,100400.0,Pascal
2025-12-17 17:36:06,Off,100400.0,Pascal
2025-12-17 17:36:08,Off,100400.0,Pascal
2025-12-17 17:36:11,Off,100400.0,Pascal
2025-12-17 17:36:13,Off,100400.0,Pascal
2025-12-17 17:36:15,Off,100400.0,Pascal
2025-12-17 17:36:17,Off,100400.0,Pascal
2025-12-17 17:36:20,Off,100400.0,Pascal
2025-12-17 17:36:22,Off,100400.0,Pascal
2025-12-17 17:36:24,Off,100400.0,Pascal
2025-12-17 17:36:26,Off,100400.0,Pascal
2025-12-17 17:36:29,Off,100400.0,Pascal
2025-12-17 17:36:31,Off,100400.0,Pascal
2025-12-17 17:36:33,Off,100400.0,Pascal
2025-12-17 17:36:35,Off,100400.0,Pascal
2025-12-17 17:36:37,Off,100400.0,Pascal
2025-12-17 17:36:40,Off,100400.0,Pascal
2025-12-17 17:36:42,Off,100400.0,Pascal
2025-12-17 17:36:44,Off,100400.0,Pascal
2025-12-17 17:36:46,Off,100400.0,Pascal
2025-12-17 17:36:49,Off,100400.0,Pascal
2025-12-17 17:36:51,Off,100400.0,Pascal
2025-12-17 17:36:53,Off,100400.0,Pascal
2025-12-17 17:36:55,Off,100400.0,Pascal
2025-12-17 17:36:57,Off,100400.0,Pascal
2025-12-17 17:37:00,Off,100400.0,Pascal
2025-12-17 17:37:02,Off,100400.0,Pascal
2025-12-17 17:37:04,Off,100400.0,Pascal
2025-12-17 17:37:06,Off,100400.0,Pascal
2025-12-17 17:37:09,Off,100400.0,Pascal
2025-12-17 17:37:11,Off,100400.0,Pascal
2025-12-17 17:37:13,Off,100400.0,Pascal
2025-12-17 17:37:15,Off,100400.0,Pascal
2025-12-17 17:37:18,Off,100400.0,Pascal
2025-12-17 17:37:20,Off,100400.0,Pascal
2025-12-17 17:37:22,Off,100400.0,Pascal
2025-12-17 17:37:24,Off,100400.0,Pascal
2025-12-17 17:37:26,Off,100400.0,Pascal
2025-12-17 17:37:29,Off,100400.0,Pascal
2025-12-17 17:37:31,Off,100400.0,Pascal
2025-12-17 17:37:33,Off,100400.0,Pascal
2025-12-17 17:37:35,Off,100400.0,Pascal
2025-12-17 17:37:37,Off,100400.0,Pascal
2025-12-17 17:37:40,Off,100400.0,Pascal
2025-12-17 17:37:42,Off,100400.0,Pascal
2025-12-17 17:37:44,Off,100400.0,Pascal
2025-12-17 17:37:46,Off,100400.0,Pascal
2025-12-17 17:37:49,Off,100400.0,Pascal
2025-12-17 17:37:51,Off,100400.0,Pascal
2025-12-17 17:37:53,Off,100400.0,Pascal
2025-12-17 17:37:55,Off,100400.0,Pascal
2025-12-17 17:37:58,Off,100400.0,Pascal
2025-12-17 17:38:00,Off,100400.0,Pascal
2025-12-17 17:38:02,Off,100400.0,Pascal
2025-12-17 17:38:04,Off,100400.0,Pascal
2025-12-17 17:38:06,Off,100400.0,Pascal
2025-12-17 17:38:09,Off,100400.0,Pascal
2025-12-17 17:38:11,Off,100400.0,Pascal
2025-12-17 17:38:13,Off,100400.0,Pascal
2025-12-17 17:38:15,Off,100400.0,Pascal
2025-12-17 17:38:18,Off,100400.0,Pascal
2025-12-17 17:38:20,Off,100400.0,Pascal
2025-12-17 17:38:22,Off,100400.0,Pascal
2025-12-17 17:38:24,Off,100400.0,Pascal
2025-12-17 17:38:26,Off,100400.0,Pascal
2025-12-17 17:38:29,Off,100400.0,Pascal
2025-12-17 17:38:31,Off,100400.0,Pascal
2025-12-17 17:38:33,Off,100400.0,Pascal
2025-12-17 17:38:35,Off,100400.0,Pascal
2025-12-17 17:40:51,Off,100400.0,Pascal
2025-12-17 17:40:53,Off,100400.0,Pascal
2025-12-17 17:40:56,Off,100400.0,Pascal
2025-12-17 17:40:58,Off,100400.0,Pascal
2025-12-17 17:41:00,Off,100400.0,Pascal
2025-12-17 17:41:02,Off,100400.0,Pascal
2025-12-17 17:41:05,Off,100400.0,Pascal
2025-12-17 17:41:07,Off,100400.0,Pascal
2025-12-17 17:41:09,Off,100400.0,Pascal
2025-12-17 17:41:11,Off,100400.0,Pascal
2025-12-17 17:41:14,Off,100400.0,Pascal
2025-12-17 17:41:16,Off,100400.0,Pascal
2025-12-17 17:41:18,Off,100400.0,Pascal
2025-12-17 17:41:20,Off,100400.0,Pascal
2025-12-17 17:41:22,Off,100400.0,Pascal
2025-12-17 17:41:25,Off,100400.0,Pascal
2025-12-17 17:41:27,Off,100400.0,Pascal
2025-12-17 17:41:29,Off,100400.0,Pascal
2025-12-17 17:41:31,Off,100400.0,Pascal
2025-12-17 17:41:34,Off,100400.0,Pascal
2025-12-17 17:41:36,Off,100400.0,Pascal
2025-12-17 17:41:38,Off,100400.0,Pascal
2025-12-17 17:41:40,Off,100400.0,Pascal
2025-12-17 17:41:42,Off,100400.0,Pascal
2025-12-17 17:41:45,Off,100400.0,Pascal
2025-12-17 17:41:47,Off,100400.0,Pascal
2025-12-17 17:41:49,Off,100400.0,Pascal
2025-12-17 17:41:51,Off,100400.0,Pascal
2025-12-17 17:41:54,Off,100400.0,Pascal
2025-12-17 17:41:56,Off,100400.0,Pascal
2025-12-17 17:41:58,Off,100400.0,Pascal
2025-12-17 17:42:00,Off,100400.0,Pascal
2025-12-17 17:42:02,Off,100400.0,Pascal
2025-12-17 17:42:05,Off,100400.0,Pascal
2025-12-17 17:42:07,Off,100400.0,Pascal
2025-12-17 17:42:09,Off,100400.0,Pascal
2025-12-17 17:42:11,Off,100400.0,Pascal
2025-12-17 17:42:14,Off,100400.0,Pascal
2025-12-17 17:42:16,Off,100400.0,Pascal
2025-12-17 17:42:18,Off,100400.0,Pascal
2025-12-17 17:42:20,Off,100400.0,Pascal
2025-12-17 17:42:23,Off,100400.0,Pascal
2025-12-17 17:42:25,Off,100400.0,Pascal
2025-12-17 17:42:27,Off,100400.0,Pascal
2025-12-17 17:42:29,Off,100400.0,Pascal
2025-12-17 17:42:31,Off,100400.0,Pascal
2025-12-17 17:42:34,Off,100400.0,Pascal
2025-12-17 17:42:36,Off,100400.0,Pascal
2025-12-17 17:42:38,Off,100400.0,Pascal
2025-12-17 17:42:40,Off,100400.0,Pascal
2025-12-17 17:42:43,Off,100400.0,Pascal
2025-12-17 17:42:45,Off,100400.0,Pascal
2025-12-17 17:42:47,Off,100400.0,Pascal
2025-12-17 17:42:49,Off,100400.0,Pascal
2025-12-17 17:42:51,Off,100400.0,Pascal
2025-12-17 17:42:54,Off,100400.0,Pascal
2025-12-17 17:42:56,Off,100400.0,Pascal
2025-12-17 17:42:58,Off,100400.0,Pascal
2025-12-17 17:43:00,Off,100400.0,Pascal
2025-12-17 17:43:03,Off,100400.0,Pascal
2025-12-17 17:43:05,Off,100400.0,Pascal
2025-12-17 17:43:07,Off,100400.0,Pascal
2025-12-17 17:43:09,Off,100400.0,Pascal
2025-12-17 17:43:12,Off,100400.0,Pascal
2025-12-17 17:43:14,Off,100400.0,Pascal
2025-12-17 17:43:16,Off,100400.0,Pascal
2025-12-17 17:43:18,Off,100400.0,Pascal
2025-12-17 17:43:20,Off,100400.0,Pascal
2025-12-17 17:43:23,Off,100400.0,Pascal
2025-12-17 17:43:25,Off,100400.0,Pascal
2025-12-17 17:43:27,Off,100400.0,Pascal
2025-12-17 17:43:29,Off,100400.0,Pascal
2025-12-17 17:43:32,Off,100400.0,Pascal
2025-12-17 17:43:34,Off,100400.0,Pascal
2025-12-17 17:43:36,Off,100400.0,Pascal
2025-12-17 17:43:38,Off,100400.0,Pascal
2025-12-17 17:43:40,Off,100400.0,Pascal
2025-12-17 17:43:43,Off,100400.0,Pascal
2025-12-17 17:43:45,Off,100400.0,Pascal
2025-12-17 17:43:47,Off,100400.0,Pascal
2025-12-17 17:43:49,Off,100400.0,Pascal
2025-12-17 17:43:52,Off,100400.0,Pascal
2025-12-17 17:43:54,Off,100400.0,Pascal
2025-12-17 17:43:56,Off,100400.0,Pascal
2025-12-17 17:43:58,Off,100400.0,Pascal
2025-12-17 17:44:01,Off,100400.0,Pascal
2025-12-17 17:44:03,Off,100400.0,Pascal
2025-12-17 17:44:05,Off,100400.0,Pascal
2025-12-17 17:44:07,Off,100400.0,Pascal
2025-12-17 17:44:09,Off,100400.0,Pascal
2025-12-17 17:44:12,Off,100400.0,Pascal
2025-12-17 17:44:14,Off,100400.0,Pascal
2025-12-17 17:44:16,Off,100400.0,Pascal
2025-12-17 17:44:18,Off,100400.0,Pascal
2025-12-17 17:44:21,Off,100400.0,Pascal
2025-12-17 17:44:23,Off,100400.0,Pascal
2025-12-17 17:44:25,Off,100400.0,Pascal
2025-12-17 17:44:27,Off,100400.0,Pascal
2025-12-17 17:44:30,Off,100400.0,Pascal
2025-12-17 17:44:32,Off,100400.0,Pascal
2025-12-17 17:44:34,Off,100400.0,Pascal
2025-12-17 17:44:36,Off,100400.0,Pascal
2025-12-17 17:44:38,Off,100400.0,Pascal
2025-12-17 17:44:41,Off,100400.0,Pascal
2025-12-17 17:44:43,Off,100400.0,Pascal
2025-12-17 17:44:45,Off,100400.0,Pascal
2025-12-17 17:44:47,Off,100400.0,Pascal
2025-12-17 17:44:50,Off,100400.0,Pascal
2025-12-17 17:44:52,Off,100400.0,Pascal
2025-12-17 17:44:54,Off,100400.0,Pascal
2025-12-17 17:44:56,Off,100400.0,Pascal
2025-12-17 17:44:58,Off,100400.0,Pascal
2025-12-17 17:45:01,Off,100400.0,Pascal
2025-12-17 17:45:03,Off,100400.0,Pascal
2025-12-17 17:45:05,Off,100400.0,Pascal
2025-12-17 17:45:07,Off,100400.0,Pascal
2025-12-17 17:45:10,Off,100400.0,Pascal
2025-12-17 17:45:12,Off,100400.0,Pascal
2025-12-17 17:45:14,Off,100400.0,Pascal
2025-12-17 17:45:16,Off,100400.0,Pascal
2025-12-17 17:45:19,Off,100400.0,Pascal
2025-12-17 17:45:21,Off,100400.0,Pascal
2025-12-17 17:45:23,Off,100400.0,Pascal
2025-12-17 17:45:25,Off,100400.0,Pascal
2025-12-17 17:45:27,Off,100400.0,Pascal
2025-12-17 17:45:30,Off,100400.0,Pascal
2025-12-17 17:45:32,Off,100400.0,Pascal
2025-12-17 17:45:34,Off,100400.0,Pascal
2025-12-17 17:45:36,Off,100400.0,Pascal
2025-12-17 17:45:39,Off,100400.0,Pascal
2025-12-17 17:45:41,Off,100400.0,Pascal
2025-12-17 17:45:43,Off,100400.0,Pascal
2025-12-17 17:45:45,Off,100400.0,Pascal
2025-12-17 17:45:47,Off,100400.0,Pascal
2025-12-17 17:45:50,Off,100400.0,Pascal
2025-12-17 17:45:52,Off,100400.0,Pascal
2025-12-17 17:45:54,Off,100400.0,Pascal
2025-12-17 17:45:56,Off,100400.0,Pascal
2025-12-17 17:45:59,Off,100400.0,Pascal
2025-12-17 17:46:01,Off,100400.0,Pascal
2025-12-17 17:46:03,Off,100400.0,Pascal
2025-12-17 17:46:05,Off,100400.0,Pascal
2025-12-17 17:46:08,Off,100400.0,Pascal
2025-12-17 17:46:10,Off,100400.0,Pascal
2025-12-17 17:46:12,Off,100400.0,Pascal
2025-12-17 17:46:14,Off,100400.0,Pascal
2025-12-17 17:46:16,Off,100400.0,Pascal
2025-12-17 17:46:19,Off,100400.0,Pascal
2025-12-17 17:46:21,Off,100400.0,Pascal
2025-12-17 17:46:23,Off,100400.0,Pascal
2025-12-17 17:46:25,Off,100400.0,Pascal
2025-12-17 17:46:28,Off,100400.0,Pascal
2025-12-17 17:46:30,Off,100400.0,Pascal
2025-12-17 17:46:32,Off,100400.0,Pascal
2025-12-17 17:46:34,Off,100400.0,Pascal
2025-12-17 17:46:36,Off,100400.0,Pascal
2025-12-17 17:46:39,Off,100400.0,Pascal
2025-12-17 17:46:41,Off,100400.0,Pascal
2025-12-17 17:46:43,Off,100400.0,Pascal
2025-12-17 17:46:45,Off,100400.0,Pascal
2025-12-17 17:46:48,Off,100400.0,Pascal
2025-12-17 17:46:50,Off,100400.0,Pascal
2025-12-17 17:46:52,Off,100400.0,Pascal
2025-12-17 17:46:54,Off,100400.0,Pascal
2025-12-17 17:46:57,Off,100400.0,Pascal
2025-12-17 17:46:59,Off,100400.0,Pascal
2025-12-17 17:47:01,Off,100400.0,Pascal
2025-12-17 17:47:03,Off,100400.0,Pascal
2025-12-17 17:47:05,Off,100400.0,Pascal
2025-12-17 17:47:08,Off,100400.0,Pascal
2025-12-17 17:47:10,Off,100400.0,Pascal
2025-12-17 17:47:12,Off,100400.0,Pascal
2025-12-17 17:47:14,Off,100400.0,Pascal
2025-12-17 17:47:17,Off,100400.0,Pascal
2025-12-17 17:47:19,Off,100400.0,Pascal
2025-12-17 17:47:21,Off,100400.0,Pascal
2025-12-17 17:47:23,Off,100400.0,Pascal
2025-12-17 17:47:26,Off,100400.0,Pascal
2025-12-17 17:47:28,Off,100400.0,Pascal
2025-12-17 17:47:30,Off,100400.0,Pascal
2025-12-17 17:47:32,Off,100400.0,Pascal
2025-12-17 17:47:35,Off,100400.0,Pascal
2025-12-17 17:47:37,Off,100400.0,Pascal
2025-12-17 17:47:39,Off,100400.0,Pascal
2025-12-17 17:47:41,Off,100400.0,Pascal
2025-12-17 17:47:43,Off,100400.0,Pascal
2025-12-17 17:47:46,Off,100400.0,Pascal
2025-12-17 17:47:48,Off,100400.0,Pascal
2025-12-17 17:47:50,Off,100400.0,Pascal
2025-12-17 17:47:52,Off,100400.0,Pascal
2025-12-17 17:47:55,Off,100400.0,Pascal
2025-12-17 17:47:57,Off,100400.0,Pascal
2025-12-17 17:47:59,Off,100400.0,Pascal
2025-12-17 17:48:01,Off,100400.0,Pascal
2025-12-17 17:48:03,Off,100400.0,Pascal
2025-12-17 17:48:06,Off,100400.0,Pascal
2025-12-17 17:48:08,Off,100400.0,Pascal
2025-12-17 17:48:10,Off,100400.0,Pascal
2025-12-17 17:48:12,Off,100400.0,Pascal
2025-12-17 17:48:15,Off,100400.0,Pascal
2025-12-17 17:48:17,Off,100400.0,Pascal
2025-12-17 17:48:19,Off,100400.0,Pascal
2025-12-17 17:48:21,Off,100400.0,Pascal
2025-12-17 17:48:24,Off,100400.0,Pascal
2025-12-17 17:48:26,Off,100400.0,Pascal
2025-12-17 17:48:28,Off,100400.0,Pascal
2025-12-17 17:48:30,Off,100400.0,Pascal
2025-12-17 17:48:32,Off,100400.0,Pascal
2025-12-17 17:48:35,Off,100400.0,Pascal
2025-12-17 17:48:37,Off,100400.0,Pascal
2025-12-17 17:48:39,Off,100400.0,Pascal
2025-12-17 17:48:41,Off,100400.0,Pascal
2025-12-17 17:48:44,Off,100400.0,Pascal
2025-12-17 17:48:46,Off,100400.0,Pascal
2025-12-17 17:48:48,Off,100400.0,Pascal
2025-12-17 17:48:50,Off,100400.0,Pascal
2025-12-17 17:48:53,Off,100400.0,Pascal
2025-12-17 17:48:55,Off,100400.0,Pascal
2025-12-17 17:48:57,Off,100400.0,Pascal
2025-12-17 17:48:59,Off,100400.0,Pascal
2025-12-17 17:49:01,Off,100400.0,Pascal
2025-12-17 17:49:04,Off,100400.0,Pascal
2025-12-17 17:49:06,Off,100400.0,Pascal
2025-12-17 17:49:08,Off,100400.0,Pascal
2025-12-17 17:49:10,Off,100400.0,Pascal
2025-12-17 17:49:13,Off,100400.0,Pascal
2025-12-17 17:49:15,Off,100400.0,Pascal
2025-12-17 17:49:17,Off,100400.0,Pascal
2025-12-17 17:49:19,Off,100400.0,Pascal
2025-12-17 17:49:21,Off,100400.0,Pascal
2025-12-17 17:49:24,Off,100400.0,Pascal
2025-12-17 17:49:26,Off,100400.0,Pascal
2025-12-17 17:49:28,Off,100400.0,Pascal
2025-12-17 17:49:30,Off,100400.0,Pascal
2025-12-17 17:49:33,Off,100400.0,Pascal
2025-12-17 17:49:35,Off,100400.0,Pascal
2025-12-17 17:49:37,Off,100400.0,Pascal
2025-12-17 17:49:39,Off,100400.0,Pascal
2025-12-17 17:49:42,Off,100400.0,Pascal
2025-12-17 17:49:44,Off,100400.0,Pascal
2025-12-17 17:49:46,Off,100400.0,Pascal
2025-12-17 17:49:48,Off,100400.0,Pascal
2025-12-17 17:49:50,Off,100400.0,Pascal
2025-12-17 17:49:53,Off,100400.0,Pascal
2025-12-17 17:49:55,Off,100400.0,Pascal
2025-12-17 17:49:57,Off,100400.0,Pascal
2025-12-17 17:49:59,Off,100400.0,Pascal
2025-12-17 17:50:02,Off,100400.0,Pascal
2025-12-17 17:50:04,Off,100400.0,Pascal
2025-12-17 17:50:06,Off,100400.0,Pascal
2025-12-17 17:50:08,Off,100400.0,Pascal
2025-12-17 17:50:11,Off,100400.0,Pascal
2025-12-17 17:50:13,Off,100400.0,Pascal
2025-12-17 17:50:15,Off,100400.0,Pascal
2025-12-17 17:50:17,Off,100400.0,Pascal
2025-12-17 17:50:19,Off,100400.0,Pascal
2025-12-17 17:50:22,Off,100400.0,Pascal
2025-12-17 17:50:24,Off,100400.0,Pascal
2025-12-17 17:50:26,Off,100400.0,Pascal
2025-12-17 17:50:28,Off,100400.0,Pascal
2025-12-17 17:50:31,Off,100400.0,Pascal
2025-12-17 17:50:33,Off,100400.0,Pascal
2025-12-17 17:50:35,Off,100400.0,Pascal
2025-12-17 17:50:37,Off,100400.0,Pascal
2025-12-17 17:50:39,Off,100400.0,Pascal
2025-12-17 17:50:42,Off,100400.0,Pascal
2025-12-17 17:50:44,Off,100400.0,Pascal
2025-12-17 17:50:46,Off,100400.0,Pascal
2025-12-17 17:50:48,Off,100400.0,Pascal
2025-12-17 17:50:51,Off,100400.0,Pascal
2025-12-17 17:50:53,Off,100400.0,Pascal
2025-12-17 17:50:55,Off,100400.0,Pascal
2025-12-17 17:50:57,Off,100400.0,Pascal
2025-12-17 17:51:00,Off,100400.0,Pascal
2025-12-17 17:51:02,Off,100400.0,Pascal
2025-12-17 17:51:04,Off,100400.0,Pascal
2025-12-17 17:51:06,Off,100400.0,Pascal
2025-12-17 17:51:08,Off,100400.0,Pascal
2025-12-17 17:51:11,Off,100400.0,Pascal
2025-12-17 17:51:13,Off,100400.0,Pascal
2025-12-17 17:51:15,Off,100400.0,Pascal
2025-12-17 17:51:17,Off,100400.0,Pascal
2025-12-17 17:51:20,Off,100400.0,Pascal
2025-12-17 17:51:22,Off,100400.0,Pascal
2025-12-17 17:51:24,Off,100400.0,Pascal
2025-12-17 17:51:26,Off,100400.0,Pascal
2025-12-17 17:51:28,Off,100400.0,Pascal
2025-12-17 17:51:31,Off,100400.0,Pascal
2025-12-17 17:51:33,Off,100400.0,Pascal
2025-12-17 17:51:35,Off,100400.0,Pascal
2025-12-17 17:51:37,Off,100400.0,Pascal
2025-12-17 17:51:40,Off,100400.0,Pascal
2025-12-17 17:51:42,Off,100400.0,Pascal
2025-12-17 17:51:44,Off,100400.0,Pascal
2025-12-17 17:51:46,Off,100400.0,Pascal
2025-12-17 17:51:49,Off,100400.0,Pascal
2025-12-17 17:51:51,Off,100400.0,Pascal
2025-12-17 17:51:53,Off,100400.0,Pascal
2025-12-17 17:51:55,Off,100400.0,Pascal
2025-12-17 17:51:57,Off,100400.0,Pascal
2025-12-17 17:52:00,Off,100400.0,Pascal
2025-12-17 17:52:02,Off,100400.0,Pascal
2025-12-17 17:52:04,Off,100400.0,Pascal
2025-12-17 17:52:06,Off,100400.0,Pascal
2025-12-17 17:52:09,Off,100400.0,Pascal
2025-12-17 17:52:11,Off,100400.0,Pascal
2025-12-17 17:52:13,Off,100400.0,Pascal
2025-12-17 17:52:15,Off,100400.0,Pascal
2025-12-17 17:52:17,Off,100400.0,Pascal
2025-12-17 17:52:20,Off,100400.0,Pascal
2025-12-17 17:52:22,Off,100400.0,Pascal
2025-12-17 17:52:24,Off,100400.0,Pascal
2025-12-17 17:52:26,Off,100400.0,Pascal
2025-12-17 17:52:29,Off,100400.0,Pascal
2025-12-17 17:52:31,Off,100400.0,Pascal
2025-12-17 17:52:33,Off,100400.0,Pascal
2025-12-17 17:52:35,Off,100400.0,Pascal
2025-12-17 17:52:38,Off,100400.0,Pascal
2025-12-17 17:52:40,Off,100400.0,Pascal
2025-12-17 17:52:42,Off,100400.0,Pascal
2025-12-17 17:52:44,Off,100400.0,Pascal
2025-12-17 17:52:47,Off,100400.0,Pascal
2025-12-17 17:52:49,Off,100400.0,Pascal
2025-12-17 17:52:51,Off,100400.0,Pascal
2025-12-17 17:52:53,Off,100400.0,Pascal
2025-12-17 17:52:56,Off,100400.0,Pascal
2025-12-17 17:52:58,Off,100400.0,Pascal
2025-12-17 17:53:00,Off,100400.0,Pascal
2025-12-17 17:53:02,Off,100400.0,Pascal
2025-12-17 17:53:04,Off,100400.0,Pascal
2025-12-17 17:53:07,Off,100400.0,Pascal
2025-12-17 17:53:09,Off,100400.0,Pascal
2025-12-17 17:53:11,Off,100400.0,Pascal
2025-12-17 17:53:13,Off,100400.0,Pascal
2025-12-17 17:53:16,Off,100400.0,Pascal
2025-12-17 17:53:18,Off,100400.0,Pascal
2025-12-17 17:53:20,Off,100400.0,Pascal
2025-12-17 17:53:22,Off,100400.0,Pascal
2025-12-17 17:53:25,Off,100400.0,Pascal
2025-12-17 17:53:27,Off,100400.0,Pascal
2025-12-17 17:53:29,Off,100400.0,Pascal
2025-12-17 17:53:31,Off,100400.0,Pascal
2025-12-17 17:53:34,Off,100400.0,Pascal
2025-12-17 17:53:36,Off,100400.0,Pascal
2025-12-17 17:53:38,Off,100400.0,Pascal
2025-12-17 17:53:40,Off,100400.0,Pascal
2025-12-17 17:53:42,Off,100400.0,Pascal
2025-12-17 17:53:45,Off,100400.0,Pascal
2025-12-17 17:53:47,Off,100400.0,Pascal
2025-12-17 17:53:49,Off,100400.0,Pascal
2025-12-17 17:53:51,Off,100400.0,Pascal
2025-12-17 17:53:54,Off,100400.0,Pascal
2025-12-17 17:53:56,Off,100400.0,Pascal
2025-12-17 17:53:58,Off,100400.0,Pascal
2025-12-17 17:54:00,Off,100400.0,Pascal
2025-12-17 17:54:02,Off,100400.0,Pascal
2025-12-17 17:54:05,Off,100400.0,Pascal
2025-12-17 17:54:07,Off,100400.0,Pascal
2025-12-17 17:54:09,Off,100400.0,Pascal
2025-12-17 17:54:11,Off,100400.0,Pascal
2025-12-17 17:54:14,Off,100400.0,Pascal
2025-12-17 17:54:16,Off,100400.0,Pascal
2025-12-17 17:54:18,Off,100400.0,Pascal
2025-12-17 17:54:20,Off,100400.0,Pascal
2025-12-17 17:54:23,Off,100400.0,Pascal
2025-12-17 17:54:25,Off,100400.0,Pascal
2025-12-17 17:54:27,Off,100400.0,Pascal
2025-12-17 17:54:29,Off,100400.0,Pascal
2025-12-17 17:54:31,Off,100400.0,Pascal
2025-12-17 17:54:34,Off,100400.0,Pascal
2025-12-17 17:54:36,Off,100400.0,Pascal
2025-12-17 17:54:38,Off,100400.0,Pascal
2025-12-17 17:54:40,Off,100400.0,Pascal
2025-12-17 17:54:43,Off,100400.0,Pascal
2025-12-17 17:54:45,Off,100400.0,Pascal
2025-12-17 17:54:47,Off,100400.0,Pascal
2025-12-17 17:54:49,Off,100400.0,Pascal
2025-12-17 17:54:52,Off,100400.0,Pascal
2025-12-17 17:54:54,Off,100400.0,Pascal
2025-12-17 17:54:56,Off,100400.0,Pascal
2025-12-17 17:54:58,Off,100400.0,Pascal
2025-12-17 17:55:00,Off,100400.0,Pascal
2025-12-17 17:55:03,Off,100400.0,Pascal
2025-12-17 17:55:05,Off,100400.0,Pascal
2025-12-17 17:55:07,Off,100400.0,Pascal
2025-12-17 17:55:09,Off,100400.0,Pascal
2025-12-17 17:55:12,Off,100400.0,Pascal
2025-12-17 17:55:14,Off,100400.0,Pascal
2025-12-17 17:55:16,Off,100400.0,Pascal
2025-12-17 17:55:18,Off,100400.0,Pascal
2025-12-17 17:55:21,Off,100400.0,Pascal
2025-12-17 17:55:23,Off,100400.0,Pascal
2025-12-17 17:55:25,Off,100400.0,Pascal
2025-12-17 17:55:27,Off,100400.0,Pascal
2025-12-17 17:55:30,Off,100400.0,Pascal
2025-12-17 17:55:32,Off,100400.0,Pascal
2025-12-17 17:55:34,Off,100400.0,Pascal
2025-12-17 17:55:36,Off,100400.0,Pascal
2025-12-17 17:55:38,Off,100400.0,Pascal
2025-12-17 17:55:41,Off,100400.0,Pascal
2025-12-17 17:55:43,Off,100400.0,Pascal
2025-12-17 17:55:45,Off,100400.0,Pascal
2025-12-17 17:55:47,Off,100400.0,Pascal
2025-12-17 17:55:50,Off,100400.0,Pascal
2025-12-17 17:55:52,Off,100400.0,Pascal
2025-12-17 17:55:54,Off,100400.0,Pascal
2025-12-17 17:55:56,Off,100400.0,Pascal
2025-12-17 17:55:59,Off,100400.0,Pascal
2025-12-17 17:56:01,Off,100400.0,Pascal
2025-12-17 17:56:03,Off,100400.0,Pascal
2025-12-17 17:56:05,Off,100400.0,Pascal
2025-12-17 17:56:07,Off,100400.0,Pascal
2025-12-17 17:56:10,Off,100400.0,Pascal
2025-12-17 17:56:12,Off,100400.0,Pascal
2025-12-17 17:56:14,Off,100400.0,Pascal
2025-12-17 17:56:16,Off,100400.0,Pascal
2025-12-17 17:56:19,Off,100400.0,Pascal
2025-12-17 17:56:21,Off,100400.0,Pascal
2025-12-17 17:56:23,Off,100400.0,Pascal
2025-12-17 17:56:25,Off,100400.0,Pascal
2025-12-17 17:56:27,Off,100400.0,Pascal
2025-12-17 17:56:30,Off,100400.0,Pascal
2025-12-17 17:56:32,Off,100400.0,Pascal
2025-12-17 17:56:34,Off,100400.0,Pascal
2025-12-17 17:56:36,Off,100400.0,Pascal
2025-12-17 17:56:39,Off,100400.0,Pascal
2025-12-17 17:56:41,Off,100400.0,Pascal
2025-12-17 17:56:43,Off,100400.0,Pascal
2025-12-17 17:56:45,Off,100400.0,Pascal
2025-12-17 17:56:48,Off,100400.0,Pascal
2025-12-17 17:56:50,Off,100400.0,Pascal
2025-12-17 17:56:52,Off,100400.0,Pascal
2025-12-17 17:56:54,Off,100400.0,Pascal
2025-12-17 17:56:56,Off,100400.0,Pascal
2025-12-17 17:56:59,Off,100400.0,Pascal
2025-12-17 17:57:01,Off,100400.0,Pascal
2025-12-17 17:57:03,Off,100400.0,Pascal
2025-12-17 17:57:05,Off,100400.0,Pascal
2025-12-17 17:57:08,Off,100400.0,Pascal
2025-12-17 17:57:10,Off,100400.0,Pascal
2025-12-17 17:57:12,Off,100400.0,Pascal
2025-12-17 17:57:14,Off,100400.0,Pascal
2025-12-17 17:57:16,Off,100400.0,Pascal
2025-12-17 17:57:19,Off,100400.0,Pascal
2025-12-17 17:57:21,Off,100400.0,Pascal
2025-12-17 17:57:23,Off,100400.0,Pascal
2025-12-17 17:57:25,Off,100400.0,Pascal
2025-12-17 17:57:28,Off,100400.0,Pascal
2025-12-17 17:57:30,Off,100400.0,Pascal
2025-12-17 17:57:32,Off,100400.0,Pascal
2025-12-17 17:57:34,Off,100400.0,Pascal
2025-12-17 17:57:37,Off,100400.0,Pascal
2025-12-17 17:57:39,Off,100400.0,Pascal
2025-12-17 17:57:41,Off,100400.0,Pascal
2025-12-17 17:57:43,Off,100400.0,Pascal
2025-12-17 17:57:45,Off,100400.0,Pascal
2025-12-17 17:57:48,Off,100400.0,Pascal
2025-12-17 17:57:50,Off,100400.0,Pascal
2025-12-17 17:57:52,Off,100400.0,Pascal
2025-12-17 17:57:54,Off,100400.0,Pascal
2025-12-17 17:57:57,Off,100400.0,Pascal
2025-12-17 17:57:59,Off,100400.0,Pascal
2025-12-17 17:58:01,Off,100400.0,Pascal
2025-12-17 17:58:03,Off,100400.0,Pascal
2025-12-17 17:58:06,Off,100400.0,Pascal
2025-12-17 17:58:08,Off,100400.0,Pascal
2025-12-17 17:58:10,Off,100400.0,Pascal
2025-12-17 17:58:12,Off,100400.0,Pascal
2025-12-17 17:58:14,Off,100400.0,Pascal
2025-12-17 17:58:17,Off,100400.0,Pascal
2025-12-17 17:58:19,Off,100400.0,Pascal
2025-12-17 17:58:21,Off,100400.0,Pascal
2025-12-17 17:58:23,Off,100400.0,Pascal
2025-12-17 17:58:26,Off,100400.0,Pascal
2025-12-17 17:58:28,Off,100400.0,Pascal
2025-12-17 17:58:30,Off,100400.0,Pascal
2025-12-17 17:58:32,Off,100400.0,Pascal
2025-12-17 17:58:35,Off,100400.0,Pascal
2025-12-17 17:58:37,Off,100400.0,Pascal
2025-12-17 17:58:39,Off,100400.0,Pascal
2025-12-17 17:58:41,Off,100400.0,Pascal
2025-12-17 17:58:44,Off,100400.0,Pascal
2025-12-17 17:58:46,Off,100400.0,Pascal
2025-12-17 17:58:48,Off,100400.0,Pascal
2025-12-17 17:58:50,Off,100400.0,Pascal
2025-12-17 17:58:52,Off,100400.0,Pascal
2025-12-17 17:58:55,Off,100400.0,Pascal
2025-12-17 17:58:57,Off,100400.0,Pascal
2025-12-17 17:58:59,Off,100400.0,Pascal
2025-12-17 17:59:01,Off,100400.0,Pascal
2025-12-17 17:59:04,Off,100400.0,Pascal
2025-12-17 17:59:06,Off,100400.0,Pascal
2025-12-17 17:59:08,Off,100400.0,Pascal
2025-12-17 17:59:10,Off,100400.0,Pascal
2025-12-17 17:59:12,Off,100400.0,Pascal
2025-12-17 17:59:15,Off,100400.0,Pascal
2025-12-17 17:59:17,Off,100400.0,Pascal
2025-12-17 17:59:19,Off,100400.0,Pascal
2025-12-17 17:59:21,Off,100400.0,Pascal
2025-12-17 17:59:24,Off,100400.0,Pascal
2025-12-17 17:59:26,Off,100400.0,Pascal
2025-12-17 17:59:28,Off,100400.0,Pascal
2025-12-17 17:59:30,Off,100400.0,Pascal
2025-12-17 17:59:33,Off,100400.0,Pascal
2025-12-17 17:59:35,Off,100400.0,Pascal
2025-12-17 17:59:37,Off,100400.0,Pascal
2025-12-17 17:59:39,Off,100400.0,Pascal
2025-12-17 17:59:41,Off,100400.0,Pascal
2025-12-17 17:59:44,Off,100400.0,Pascal
2025-12-17 17:59:46,Off,100400.0,Pascal
2025-12-17 17:59:48,Off,100400.0,Pascal
2025-12-17 17:59:50,Off,100400.0,Pascal
2025-12-17 17:59:53,Off,100400.0,Pascal
2025-12-17 17:59:55,Off,100400.0,Pascal
2025-12-17 17:59:57,Off,100400.0,Pascal
2025-12-17 17:59:59,Off,100400.0,Pascal
2025-12-17 18:00:01,Off,100400.0,Pascal
2025-12-17 18:00:04,Off,100400.0,Pascal
2025-12-17 18:00:06,Off,100400.0,Pascal
2025-12-17 18:00:08,Off,100400.0,Pascal
2025-12-17 18:00:10,Off,100400.0,Pascal
2025-12-17 18:00:13,Off,100400.0,Pascal
2025-12-17 18:00:15,Off,100400.0,Pascal
2025-12-17 18:00:17,Off,100400.0,Pascal
2025-12-17 18:00:19,Off,100400.0,Pascal
2025-12-17 18:00:22,Off,100400.0,Pascal
2025-12-17 18:00:24,Off,100400.0,Pascal
2025-12-17 18:00:26,Off,100400.0,Pascal
2025-12-17 18:00:28,Off,100400.0,Pascal
2025-12-17 18:00:30,Off,100400.0,Pascal
2025-12-17 18:00:33,Off,100400.0,Pascal
2025-12-17 18:00:35,Off,100400.0,Pascal
2025-12-17 18:00:37,Off,100400.0,Pascal
2025-12-17 18:00:39,Off,100400.0,Pascal
2025-12-17 18:00:42,Off,100400.0,Pascal
2025-12-17 18:00:44,Off,100400.0,Pascal
2025-12-17 18:00:46,Off,100400.0,Pascal
2025-12-17 18:00:48,Off,100400.0,Pascal
2025-12-17 18:00:51,Off,100400.0,Pascal
2025-12-17 18:00:53,Off,100400.0,Pascal
2025-12-17 18:00:55,Off,100400.0,Pascal
2025-12-17 18:00:57,Off,100400.0,Pascal
